0.0,0.4,0.130434783,0.09476383143843833,0.1015228424899379,0.15633187789151823,0.11980440092175441,0.029411765,0.21078001748807348,0.11415289249427771,0.09501922099627222,0.0,0.09514110024699753,0.07031249954219972,0.15633187787922578,0.10913140295484645,0.027027026527392257,0.21078001731249255,0.10704634654499964,0.0925812000569673,0.0,0.0,0.19438914610167513,0.07031250052581177,0.13776295547018264,0.11980440131091995,0.029411765,0.21078001726014992,0.0,0.0,0.0,0.0,0.0,0.333333333,0.0,0.1626873705191077,1.0,
0.0,0.566666667,0.652173913,0.10742616003069017,0.0,0.0,0.0024449879303925725,0.0,2.191058281788524E-4,0.12830306646361422,0.107721878572658,0.333333333,0.15205778993371238,0.15546875050697143,0.2270742356154669,0.25389754958214494,0.810810810200146,0.3372042062740139,0.94682098614193,0.10495793081409246,0.0016194329952957762,0.0,0.07037819697744217,0.15546875057160828,0.20010261706487598,0.27872860680459827,0.882352941,0.3372042063554615,0.0,0.0,0.0,0.0,0.0,0.0,0.039960001688031994,0.07369511787128467,1.0,
0.333333333,0.5,0.086956522,0.4093875241022798,0.0,0.0,0.8239608799652799,1.0,0.25569675685281884,0.45359395326008817,0.4104035504688615,0.333333333,0.4077735920078441,0.0,0.0,0.7505567932460652,0.9189189183637692,0.25569675665146424,0.4253556319952474,0.39987333750802334,0.0,0.22222222245679013,0.08815476208910693,0.0,0.0,0.8239608800333331,1.0,0.2556967569183849,0.19999999954,0.2,0.0,0.0,0.0,1.0,0.0,0.07376922681207881,1.0,
0.333333333,0.733333333,0.695652174,0.19774706775220965,0.0,0.0,0.0,0.0,0.0,0.22759895549606973,0.19833045468965627,0.333333333,0.473172789999484,0.1898437496320642,0.1668122272153243,0.0,0.0,0.22370727461840623,0.21342986755109736,0.1932416541078338,0.025910930758740517,0.77777777754321,0.24485049907948137,0.1898437495742621,0.1469984609665384,0.0,0.0,0.22370727414988495,0.02499999951125,0.0,0.0,0.0,0.0,0.0,0.55,0.4072123001506774,1.0,
0.333333333,0.766666667,0.47826087,0.4824735968097932,0.0,0.0,0.8239608799652799,1.0,0.25569675685281884,1.0,0.4833881176784729,0.0,0.4795334063903654,0.0,0.0,0.7505567932460652,0.9189189183637692,0.25569675665146424,1.0,0.4709852532783195,0.0,0.22222222245679013,0.08815476208910693,0.0,0.0,0.8239608800333331,1.0,0.2556967569183849,0.19999999954,0.2,0.0,0.0,0.0,1.0,0.0,0.07376922681207881,1.0,
0.333333333,0.766666667,0.52173913,0.4824735968097932,0.0,0.0,0.8239608799652799,1.0,0.25569675685281884,1.0,0.4833881176784729,0.333333333,0.39333420354174825,0.0,0.0,0.7505567932460652,0.9189189183637692,0.25569675665146424,1.0,0.4709852532783195,0.0,0.22222222245679013,0.08815476208910693,0.0,0.0,0.8239608800333331,1.0,0.2556967569183849,0.19999999954,0.2,0.0,0.0,0.0,1.0,0.0,0.07376922681207881,1.0,
0.666666667,0.233333333,0.086956522,0.6217592123374663,0.0,0.0,0.014669926487000913,0.0,0.0013146359824385832,0.6448048065322036,0.622615930378214,0.0,0.09928976827159407,0.0,0.0,0.013363028484630533,0.0,0.0013146363361946098,0.6046627234336681,0.6066407313641696,0.0016194329952957762,0.77777777754321,0.02441411672023049,0.0,0.0,0.014669926854597951,0.0,0.001314636749073456,0.19999999954,0.2,0.0,0.0,0.3333333333333333,0.0,0.0,0.02041832806522869,1.0,
0.666666667,0.233333333,0.086956522,0.6217592123374663,0.0,0.0,0.014669926487000913,0.0,0.0013146359824385832,0.6448048065322036,0.622615930378214,0.0,0.09928976827159407,0.0,0.0,0.013363028484630533,0.0,0.0013146363361946098,0.6046627234336681,0.6066407313641696,0.0016194329952957762,0.77777777754321,0.011046283145697985,0.0,0.0,0.014669926854597951,0.0,0.001314636749073456,0.19999999954,0.2,0.0,0.0,0.3333333333333333,0.0,0.0,0.009229455857043226,1.0,
0.666666667,0.266666667,0.304347826,0.6350231860583871,0.0,0.0,0.8239608799652799,1.0,0.25569675685281884,0.6530828615657609,0.6359314352915764,0.0,0.30034838692704113,0.0,0.0,0.7505567932460652,0.9189189183637692,0.25569675665146424,0.6124254317266492,0.6196145845260066,0.0,0.22222222245679013,0.017331824452725943,0.0,0.0,0.8239608800333331,1.0,0.2556967569183849,0.07499999968375,0.2,0.0,0.0,0.0,1.0,0.0,0.014490451818093431,1.0,
0.666666667,0.266666667,0.347826087,0.6207780668985552,0.0,0.0,0.8239608799652799,1.0,0.25569675685281884,1.0,0.6216316597069179,0.333333333,0.28817862343147466,0.0,0.0,0.7505567932460652,0.9189189183637692,0.25569675665146424,1.0,0.605681715410656,0.0,0.22222222245679013,0.026184686046772754,0.0,0.0,0.8239608800333331,1.0,0.2556967569183849,0.07499999968375,0.2,0.0,0.0,0.0,1.0,0.0,0.02190029399635431,1.0,
0.666666667,0.8,0.173913043,0.7523718723809495,0.05132543725496663,0.5016011643670629,0.0024449879303925725,0.0,0.5902716908925312,0.7550565461943002,0.7537652979625667,0.333333333,0.04602593018702398,0.035546874551525276,0.5016011649055393,0.002227171937490389,0.0,0.5902716913269277,0.7080507823694479,0.734425043021172,0.0016194329952957762,0.22222222245679013,0.026184686046772754,0.03554687507887176,0.44202154950271066,0.002444987618390612,0.0,0.5902716919242534,0.07499999968375,0.2,0.0,0.0,0.0,1.0,0.0,0.02190029399635431,1.0,
1.0,0.033333333,0.434782609,0.8067051098463914,0.0,0.0,0.8239608799652799,1.0,0.25569675685281884,1.0,0.8079558754454451,0.333333333,0.4130980532628262,0.0,0.0,0.7505567932460652,0.9189189183637692,0.25569675665146424,1.0,0.7872251880399002,0.0,0.22222222245679013,0.017331824452725943,0.0,0.0,0.8239608800333331,1.0,0.2556967569183849,0.07499999968375,0.2,0.0,0.0,0.0,1.0,0.0,0.014490451818093431,1.0,
1.0,0.033333333,0.434782609,0.8036228328915287,0.0,0.0,0.8239608799652799,1.0,0.25569675685281884,1.0,0.8048730661253737,0.333333333,0.7987460903863219,0.0,0.0,0.7505567932460652,0.9189189183637692,0.25569675665146424,1.0,0.7842214784877153,0.0,0.22222222245679013,0.017331824452725943,0.0,0.0,0.8239608800333331,1.0,0.2556967569183849,0.07499999968375,0.2,0.0,0.0,0.0,1.0,0.0,0.014490451818093431,1.0,
1.0,0.233333333,0.391304348,0.8379258955718495,0.0,0.0,0.8239608799652799,1.0,0.25569675685281884,1.0,0.8384868236997167,0.0,0.6854429310238407,0.0,0.0,0.7505567932460652,0.9189189183637692,0.25569675665146424,1.0,0.8169727681224572,0.0,0.22222222245679013,0.026184686046772754,0.0,0.0,0.8239608800333331,1.0,0.2556967569183849,0.19999999954,0.2,0.0,0.0,0.0,1.0,0.0,0.02190029399635431,1.0,
1.0,0.233333333,0.391304348,0.8379258955718495,0.0,0.0,0.8239608799652799,1.0,0.25569675685281884,1.0,0.8384868236997167,0.333333333,0.6854429310238407,0.0,0.0,0.7505567932460652,0.9189189183637692,0.25569675665146424,1.0,0.8169727681224572,0.0,0.22222222245679013,0.012905393655702535,0.0,0.0,0.8239608800333331,1.0,0.2556967569183849,0.19999999954,0.2,0.0,0.0,0.0,1.0,0.0,0.010785530728962992,1.0,
1.0,0.366666667,0.260869565,0.8680637188502198,0.2560631702648355,0.0,0.014669926487000913,0.0,0.0013146359824385832,0.8685433885711072,0.8687484915303978,0.0,0.14634173489201827,0.17734375014751344,0.0,0.013363028484630533,0.0,0.0013146363361946098,0.8144725438107626,0.8464579750569977,0.0,0.77777777754321,0.4865337432799104,0.17734375003561953,0.0,0.014669926854597951,0.0,0.001314636749073456,0.0,0.0,0.0,0.0,0.3333333333333333,0.333333333,0.0,0.4072123001506774,1.0,
1.0,0.0,0.086956522,0.6704832604715075,0.10039481046994254,0.04861717640476823,0.03422982883478697,0.0,0.07033304076762896,0.08734775928881194,0.6715137331957718,0.333333333,0.09865633749515566,0.06953124998134888,0.04861717580447767,0.031180400844241844,0.0,0.07033304076489542,0.08190995764383775,0.6542839050673598,1.0,0.77777777754321,0.035922839784758444,0.06953124980833313,0.04284248298747025,0.03422982894597713,0.0,0.07033304082992158,0.42499999974125,0.2,0.0,0.0,0.0,0.166666667,0.019999999143999997,0.03746098010238805,0.0,
0.0,0.833333333,0.0,0.22504327273492658,0.0,0.0,0.007334963791177719,0.0,6.573184979020259E-4,0.25720421942087024,0.22572288179472919,0.333333333,0.2192196659006809,0.0,0.0,0.0066815147657005676,0.0,6.573181680973049E-4,0.24119206631847004,0.21993124105607306,0.0,0.0,4.234057945222451E-4,0.0,0.0,0.007334962855171836,0.0,6.57317837398253E-4,0.1500000005175,0.2,0.0,0.0,0.0,0.0,0.0,3.3811108506960055E-4,0.0,
0.666666667,0.633333333,0.565217391,0.7270101905535898,0.021996615790924785,0.5173216889141059,0.0,0.0,0.6049517965809963,0.7279115918678957,0.7283042699679281,0.0,0.09159247128059263,0.0,0.0,1.0,0.0,0.2898773003186854,0.9753224903180778,1.0,0.04210526354570637,0.22222222245679013,0.005734575166071197,0.01523437487872406,0.4558748077472443,0.0,0.0,0.6049517970965684,0.1500000005175,0.2,0.0,0.0,0.0,0.166666667,0.0,0.004783558063666367,0.0,
0.0,0.533333333,0.217391304,0.13298221895401194,0.28877608533201066,0.2066957792459579,0.0317848409043944,0.029411765,0.2710341800258206,0.15726946451975796,0.133377903539311,0.666666667,0.13695056710268155,0.20000000043406252,0.20669577913790038,0.028953228906751453,0.027027026527392257,0.27103418057373474,0.14747871342306473,0.12995566894814944,0.0016194329952957762,0.0,0.031562538090625085,0.20000000021710937,0.1821446893737122,0.031784841327586515,0.029411765,0.27103418100237514,0.8500000006324999,0.2,0.0,0.0,0.0,0.0,0.01405059798875952,0.031607200273414154,0.0,
0.333333333,0.0,0.47826087,0.2868739411238795,0.0,0.0,0.0024449879303925725,0.0,2.191058281788524E-4,0.32564430204301587,0.28772262194392584,0.333333333,0.26747069876723845,0.0,0.0,0.002227171937490389,0.0,2.19106056032435E-4,0.30537143729471833,0.2803401793556325,0.0,0.22222222245679013,0.004141058283782513,0.0,0.0,0.002444987618390612,0.0,2.1910630389173434E-4,0.1500000005175,0.2,0.0,0.0,0.0,1.0,0.010000001711999999,0.007154706057993915,0.0,
0.0,0.866666667,0.434782609,0.25371863325596716,0.03440496309716818,0.1641921401650397,0.04156479262596469,0.323529412,0.17988606531389126,0.2912271639214636,0.25450814311209613,0.333333333,0.24815611943711682,0.06171875003221558,0.027802038245785487,0.026726058016031663,0.24324324285463841,0.041630148498485176,0.9524550042231573,0.24797792456055096,0.0016194329952957762,0.0,0.0010428050840353528,0.06171875023237488,0.02449974383156177,0.029339853709195902,0.264705882,0.04163014939696677,0.1500000005175,0.2,0.0,0.0,0.0,0.5,0.0,8.565480821763214E-4,0.0,
1.0,0.0,0.608695652,0.7998741164168702,0.22053017514767195,0.20727802055557668,0.01955990234778606,0.147058824,0.2885626645207072,0.052332535674216016,0.8011309824376832,0.333333333,0.01014096364451379,0.15273437487368105,0.20727802020283645,0.01781737235961131,0.13513513469101535,0.2885626639824908,0.04907459317430875,0.7805754097121664,0.004858298985887329,0.77777777754321,0.021793668730867164,0.1527343752315268,0.1826577726752599,0.019559902091379176,0.147058824,0.28856266382817486,0.3500000000575,0.2,0.0,0.0,0.0,0.5,0.010000001711999999,0.021929935068145414,0.0,
1.0,0.833333333,0.608695652,0.9725279297362974,0.42526790692911437,0.5510917032466669,0.017114914417393486,0.117647059,0.6408851878701195,0.9099608529906973,0.9729418539970888,0.0,0.9716170394902603,0.29453125046966916,0.5510917028722683,0.015590200422120922,0.10810810816362308,0.6408851881227428,0.8533115795661869,0.9479779246605926,0.0,0.9444444443858026,4.0694832547721085E-4,0.29453125018827453,0.4856336584539186,0.017114914472988563,0.117647059,0.640885187963735,0.07499999968375,0.2,0.0,0.0,0.0,0.0,0.0,3.243361890112094E-4,0.0,
0.0,0.333333333,0.0,0.07151253703451867,0.4799774390156407,0.014847162072207242,0.17359413210432745,0.117647059,0.32581069280563446,0.08727979566498302,0.07170315868105147,0.333333333,0.009749369857801874,0.29140625005595333,0.36564774350388,0.022271715187821485,0.1891891887728269,0.44544259365868183,0.6647376737261551,0.6895232067225662,0.0016194329952957762,0.0,0.6635910798901951,0.29140625057500064,0.3222165207122757,0.0244498773281604,0.205882353,0.4454425937132982,0.02499999951125,0.0,0.0,0.0,0.0,0.0,1.0,0.9259015406494928,0.0,
0.333333333,0.933333333,0.695652174,0.1619445186846061,0.5899605191986911,0.48282387217891015,0.8361858185218883,0.882352941,0.5683610867939711,0.18717377119108028,0.16242316149452368,0.0,0.10388770668714692,0.40859375037810913,0.4828238716389706,0.7616926497932054,0.810810810200146,0.568361086797523,0.17552133837997283,0.15825567783674713,0.0,0.77777777754321,0.03140788276560825,0.4085937496421088,0.42547460190221925,0.8361858192695405,0.882352941,0.5683610862434498,0.6750000006037501,0.2,0.0,0.0,0.0,0.166666667,0.0,0.026272107894202583,0.0,
0.333333333,0.966666667,0.130434783,0.0013143651988088505,0.0,0.0,0.03422982883478697,0.0,0.004163014788860071,0.0014272511093783578,0.0013185507607179309,1.0,0.5287639296588277,0.0,0.0,0.031180400844241844,0.0,0.0041630150646162645,0.0013383982230631595,0.0012847194471441704,0.0,0.77777777754321,0.13861610010557762,0.0,0.0,0.03422982894597713,0.0,0.0041630144025582025,0.42499999974125,0.2,0.0,0.0,0.0,0.333333333,0.016490001106807997,0.12193322601604009,0.0,
0.666666667,0.033333333,0.695652174,0.5697770209546736,0.20191765418830684,0.27248908296140845,0.22982885121729307,0.5,0.10845749337863708,0.2886309260748118,0.5705703195874934,0.0,0.4416894590440457,0.1398437495235486,0.27248908273856026,0.20935412025327255,0.4594594591818846,0.10845749344070038,0.27066231551301306,0.555930516762765,0.0,0.77777777754321,0.020598527328816774,0.1398437503341449,0.2401231398710015,0.22982885100402317,0.5,0.1084574936617284,0.1500000005175,0.2,0.0,0.0,0.0,0.333333333,0.015000000427999998,0.02278207518358305,0.0,
1.0,0.566666667,0.695652174,0.07203087798289041,0.0,0.0,0.007334963791177719,0.0,6.573184979020259E-4,0.38974825983760447,0.07222315094400297,0.666666667,0.6011915784062841,0.0,0.0,0.0066815147657005676,0.0,6.573181680973049E-4,0.36548462802242243,0.07037003614614691,0.004858298985887329,0.77777777754321,0.13950137728818102,0.0,0.0,0.007334962855171836,0.0,6.57317837398253E-4,0.8500000006324999,0.2,0.0,0.0,0.0,0.5,0.023786001540971196,0.12563814710517052,0.0,
0.0,0.833333333,0.739130435,0.0013513888287618422,0.028200789444046484,0.010771469842430458,0.01955990234778606,0.147058824,0.01752848348152116,0.0011418004872634515,0.0013556929928759092,1.0,0.044874421842635966,0.019531249872833254,0.010771470433413678,0.01781737235961131,0.13513513469101535,0.01752848340875606,0.0010707181782261866,0.0013209085018995156,0.004858298985887329,0.0,0.38915222086138895,0.019531249482669065,0.009492047147129628,0.019559902091379176,0.147058824,0.017528483900076698,0.050000000172499996,0.0,0.0,0.0,0.0,0.0,0.09779999868176,0.3620122453316001,0.0,
1.0,0.3,1.0,0.6017382934598333,0.2707275803826432,0.4040756914131247,0.03422982883478697,0.0,0.4888255911091756,0.6287108527092791,0.6025776733423392,0.333333333,0.7502309593845401,0.18749999986435548,0.4040756910695744,0.031180400844241844,0.0,0.48882559167926515,0.5895706927769878,0.5871166202753845,0.0016194329952957762,0.22222222245679013,0.007859249381120616,0.1874999995929199,0.35608004086558015,0.03422982894597713,0.0,0.488825591392845,0.8500000006324999,0.2,0.0,0.0,0.0,1.0,0.001400000838879999,0.0070806096398325505,0.0,
0.333333333,1.0,0.52173913,0.5466182876514425,0.006204173653121699,0.07001455601742824,0.029339852974001827,0.264705882,0.19412795833263322,0.5854311651849349,0.5475142528973785,0.0,0.5471334221755413,0.004296874754992066,0.07001455555780026,0.026726058016031663,0.24324324285463841,0.19412795812786623,0.548985367159737,0.5334660274678247,0.010526315177924569,0.77777777754321,0.24927692987650477,0.004296874603945008,0.061698306456342576,0.029339853709195902,0.264705882,0.19412795750136322,0.5999999997700001,0.8,0.5,0.5,1.0,0.0,0.015000000427999998,0.2145563033348322,0.0,
0.0,0.7,0.52173913,0.045974989926173354,0.3423575853985416,0.16011644793526292,0.3936430316000502,0.911764706,0.20749342702529433,0.05589386638486036,0.04610284655626556,0.333333333,0.18690660134032333,0.23710937519244568,0.1601164487552405,0.3585746097087812,0.8378378377545653,0.20749342647200603,0.05241421515933698,0.04491993182639958,0.0,0.0,0.06489827870283964,0.23710937455984468,0.1410979989530751,0.39364303173448273,0.911764706,0.20749342699888174,0.45000000040250004,0.6,1.0,1.0,0.0,0.333333333,0.011940001590447998,0.058727228155807394,0.0,
0.666666667,0.333333333,0.52173913,0.65421105705563,0.012972363316241079,0.24090247481593677,0.04645476739139532,0.323529412,0.006354075097379531,0.6687010660194908,0.6551804186281694,0.0,0.6400848352017519,0.008984375375565797,0.24090247474645443,0.042316258438152586,0.29729729693644996,0.006354075624940615,0.6270713303093489,0.6383696736993679,0.010526315177924569,0.77777777754321,0.041588682575563383,0.008984374566629332,0.2122883525565473,0.04645476818218447,0.323529412,0.006354075292921646,0.5500000007475,0.2,0.0,0.0,0.0,0.0,0.015000000427999998,0.040350815546477924,0.0,
0.0,0.433333333,0.47826087,0.10712070900616005,0.2216582059392409,0.0873362444211266,0.4254278725044446,0.529411765,0.12007011341913643,0.12790887284265537,0.10741545490416973,0.0,0.10797869810749906,0.15351562551968811,0.08733624446748728,0.38752783966230325,0.4864864867363039,0.12007011441041943,0.11994595426531196,0.10465936861132043,0.0,0.0,0.03707371059507769,0.15351562486345854,0.07696254479154858,0.4254278730620692,0.529411765,0.12007011380238997,0.19999999954,0.2,0.0,0.0,0.0,0.0,0.015000000427999998,0.03657179803918612,0.0,
1.0,0.5,0.347826087,0.8935179607653648,0.2921601801635703,0.5887918487159887,0.01955990234778606,0.147058824,0.486853636628835,0.8937445630439237,0.894255947568419,0.0,0.8940834934618005,0.0,0.0,1.0,1.0,0.1566608236201586,0.9422066996590135,1.0,0.04210526354570637,0.22222222245679013,0.02220090132171879,0.20234375019845152,0.5188558234688723,0.019559902091379176,0.147058824,0.4868536368063732,0.9750000004887499,0.2,0.0,0.0,0.0,0.333333333,0.0,0.01819537290722387,0.0,
0.666666667,0.033333333,0.304347826,0.19086979478524724,0.0,0.0,0.03422982883478697,0.0,0.004163014788860071,0.2194704218357735,0.19143127721757833,0.333333333,0.5649140062068121,0.0,0.0,0.031180400844241844,0.0,0.0041630150646162645,0.2058073728531644,0.18651949767058945,0.0,0.77777777754321,0.006044424424182706,0.0,0.0,0.03422982894597713,0.0,0.0041630144025582025,0.1500000005175,0.2,0.0,0.0,0.0,0.0,0.010000001711999999,0.00874782287767797,0.0,
1.0,0.333333333,0.086956522,0.8560400600294928,0.12746756912242005,0.040756914131246755,0.01955990234778606,0.147058824,0.05959684505321051,0.006864397049183812,0.8566586812909885,0.0,0.7961536788060741,0.0882812502933313,0.04075691408482739,0.01781737235961131,0.13513513469101535,0.05959684509314484,0.006437057215177281,0.8346783677050004,0.0016194329952957762,0.77777777754321,0.03233743053994277,0.08828124965907044,0.035915854370911486,0.019559902091379176,0.147058824,0.059596844830549986,0.5500000007475,0.2,0.0,0.0,0.0,0.666666667,0.010000001711999999,0.030755060157976518,0.0,
0.666666667,0.466666667,0.260869565,0.22515434565059153,0.0,0.0,0.017114914417393486,0.117647059,0.6505258544436436,0.2573129614191161,0.22583430849120312,0.333333333,0.21933501910916967,0.0,0.0,0.015590200422120922,0.10810810816362308,0.6505258545881698,0.2412940394783011,0.22003980822033908,0.0016194329952957762,0.77777777754321,0.09789291582709261,0.0,0.0,0.017114914472988563,0.117647059,0.6505258545922016,0.02499999951125,0.0,0.0,0.0,0.0,0.166666667,0.0,0.08192005821721889,0.0,
0.666666667,0.2,0.52173913,0.6130677450382999,0.0,0.0,0.8239608799652799,1.0,0.25569675685281884,1.0,0.6138967815049156,0.0,0.3903724593202863,0.0,0.0,0.7505567932460652,0.9189189183637692,0.25569675665146424,1.0,0.5981453002393354,0.0,0.22222222245679013,0.021758255249749347,0.0,0.0,0.8239608800333331,1.0,0.2556967569183849,0.07499999968375,0.2,0.0,0.0,0.0,1.0,0.010000001711999999,0.02190029399635431,0.0,
0.333333333,0.766666667,0.347826087,0.4816312930219149,0.06373378456121002,0.31572052444496146,0.15158924182614883,0.117647059,0.02892199870720711,0.521667028511285,0.48254313113732406,0.333333333,0.4784851088114674,0.04414062514666565,0.31572052445602544,0.1380846329083685,0.10810810816362308,0.02892199832244268,0.48919084305678534,0.4701619467803465,0.0,0.77777777754321,0.048971966990566114,0.04414062537230866,0.27821959928490697,0.1515892414942522,0.117647059,0.028921997736846533,0.82499999997125,0.0,0.0,0.0,0.0,0.333333333,0.010000001711999999,0.04467816157532316,0.0,
0.0,0.233333333,0.0,0.04265205431210123,0.0,0.0,0.007334963791177719,0.0,6.573184979020259E-4,0.05188397055383518,0.04276004262382811,0.666666667,0.04206243441815943,0.0,0.0,0.0066815147657005676,0.0,6.573181680973049E-4,0.04865395439028602,0.04166289789051115,0.004858298985887329,0.0,0.25016220705910813,0.0,0.0,0.007334962855171836,0.0,6.57317837398253E-4,0.37500000071875,0.2,0.0,0.0,0.0,0.0,0.06297999878961599,0.23308092130311717,0.0,
0.666666667,0.133333333,0.304347826,0.5949443246731682,0.5837563455455693,0.3395924303891126,0.014669926487000913,0.0,0.42024539899370844,0.2886309260748118,0.5957713519570261,0.0,0.5905892019278152,0.40429687453796087,0.33959243071229145,0.013363028484630533,0.0,0.4202453982887905,0.27066231551301306,0.5804849364750284,0.0,0.77777777754321,0.019987685923207085,0.40429687503816375,0.29925602880818936,0.014669926854597951,0.0,0.4202453988455033,0.17500000002875,0.6,1.0,1.0,0.0,0.333333333,0.015000000427999998,0.02227078860979391,0.0,
0.666666667,0.3,0.260869565,0.2378814666081641,0.09362662203524956,0.5736535664993796,0.2151589236349376,0.088235294,0.27936021061690613,0.012695736609948128,0.23860196472068043,0.333333333,0.45974729552378957,0.0648437504459314,0.5736535658851574,0.195991091768642,0.0810810806092038,0.2793602107029673,0.011905369411959441,0.23247987032349418,0.0,0.22222222245679013,0.0018393017018085245,0.06484374984564881,0.5055156485258864,0.2151589241494252,0.088235294,0.2793602098074915,0.6750000006037501,0.2,0.0,0.0,0.0,1.0,0.004999998716000001,0.0033756760280693305,0.0,
0.333333333,0.4,0.260869565,0.3870155591419974,0.0,0.0,0.0024449879303925725,0.0,2.191058281788524E-4,0.4311657242571945,0.38810890105709483,0.0,0.38417273029913923,0.0,0.0,0.002227171937490389,0.0,2.19106056032435E-4,0.4043236627772859,0.37815072883764866,0.0,0.0,0.8601247090151156,0.0,0.0,0.002444987618390612,0.0,2.1910630389173434E-4,0.77499999979875,0.0,0.0,0.0,0.0,0.0,0.015000000427999998,0.7258356891327542,0.0,
1.0,0.1,0.52173913,0.579181206298174,0.5555555548730965,0.3147016008771097,0.0024449879303925725,0.0,0.3913234002865013,0.02477979560244565,0.5799951718845332,0.333333333,0.3101665639618363,0.3847656246651276,0.3147016011802694,0.002227171937490389,0.0,0.39132339996634785,0.023237138299027862,0.5651135439296153,0.0,0.22222222245679013,0.0018393017018085245,0.38476562555549465,0.2773217035071984,0.002444987618390612,0.0,0.3913234000343799,0.5000000005749999,0.2,0.0,0.0,0.0,1.0,0.004999998716000001,0.0033756760280693305,0.0,
1.0,0.7,0.086956522,0.2936771658180329,0.16864072188270762,0.09723435178872133,0.0024449879303925725,0.0,0.13321647628361866,0.0010330574884194956,0.294547513938948,0.333333333,0.8885981448370839,0.11679687445657409,0.09723435273864967,0.002227171937490389,0.0,0.1332164766985268,9.687450183951212E-4,0.28698995768336616,0.0,0.77777777754321,0.13153380783807309,0.1167968747939157,0.08568496698635662,0.002444987618390612,0.0,0.13321647699601674,0.8500000006324999,0.2,0.0,0.0,0.0,0.333333333,0.0223860007020912,0.11822830492690965,0.0,
0.0,0.466666667,0.608695652,0.11902403799083076,0.4010152283266253,0.19505094590787658,0.0635696818087888,0.029411765,0.25788781716133835,0.14174641094046503,0.11937526682465616,0.333333333,0.12029821840005099,0.2777343751449701,0.32809315810043693,0.057906458860273506,0.027027026527392257,0.40556529360845606,0.13292204185549758,0.11631231427167396,0.012955465379370259,0.0,0.02688379933180581,0.2777343749601401,0.289122626522709,0.06356968265517303,0.029411765,0.4055652936731884,0.19999999954,0.2,0.0,0.0,0.0,0.0,0.049999999999999996,0.0396468807899958,0.0,
0.333333333,0.2,0.304347826,0.3416329594499078,0.04455724759184726,0.20189228563436143,0.07579462146075168,0.323529412,0.020376862287942648,0.38356350603089634,0.34260961602658135,0.0,0.3345860287027115,0.03085937501610779,0.20189228498612963,0.06904231645418425,0.29729729693644996,0.020376862137177716,0.35968490305618933,0.33381887265248006,0.0016194329952957762,0.0,0.9911471384059531,0.03085937511618744,0.1779117491016951,0.0757946207471261,0.323529412,0.02037686262783839,0.7500000002875,0.0,0.0,0.0,0.0,0.0,0.015000000427999998,0.8369833844198311,0.0,
1.0,0.566666667,0.304347826,0.9074483740060814,0.028200789444046484,0.13697234337293146,0.01955990234778606,0.147058824,0.18536371608518992,0.23951989999030132,0.9079707322370343,0.0,0.10015390546501003,0.019531249872833254,0.136972343547721,0.01781737235961131,0.13513513469101535,0.18536371588656883,0.22460867769898002,0.8846738439731143,0.0016194329952957762,0.77777777754321,0.037427830444920346,0.019531249482669065,0.12070292456814348,0.019559902091379176,0.147058824,0.18536371608846336,0.5000000005749999,0.2,0.0,0.0,0.0,0.666666667,0.010000001711999999,0.03501572316726636,0.0,
0.333333333,0.1,0.043478261,0.08013921196836446,0.27241962718420987,0.30029112106313544,0.491442542243626,0.088235294,0.15775635437378685,0.09742007380329436,0.08035730890125842,0.333333333,0.30645603575544716,0.18867187529078797,0.3002911209843458,0.44766146941329654,0.0810810806092038,0.15775635390032078,0.09135522407459233,0.07829548615712782,0.0016194329952957762,0.0,0.04650201507495187,0.18867187458359103,0.2646228837025633,0.49144254219137856,0.088235294,0.1577563540264133,0.45000000040250004,0.6,1.0,1.0,0.0,0.166666667,0.0,0.0389058915631166,0.0,
0.666666667,0.1,0.434782609,0.5866045889488759,0.3609701075863331,0.16477438147465848,0.07090464559996652,0.441176471,0.22107800154613425,0.6160694865981549,0.5874236264180472,0.0,0.5838825259114675,0.24999999945742188,0.16477438179350648,0.06458797362597407,0.405405405100073,0.221078001946017,0.5777163109455048,0.57235139789858,0.0016194329952957762,0.77777777754321,0.08806622090564464,0.25000000054277344,0.14520266839970525,0.07090464551034487,0.441176471,0.221078001726015,0.6750000006037501,0.2,0.0,0.0,0.0,0.0,0.0,0.07369511787128467,0.0,
0.333333333,0.5,1.0,0.3812490163445875,0.0,0.0,0.007334963791177719,0.0,6.573184979020259E-4,0.4247634834522004,0.3824075618380364,0.666666667,0.41549517388484314,0.0,0.0,0.0066815147657005676,0.0,6.573181680973049E-4,0.39831999149139063,0.3725956759189693,0.0,0.0,0.2014714533305152,0.0,0.0,0.007334962855171836,0.0,6.57317837398253E-4,0.8500000006324999,0.2,0.0,0.0,0.0,0.0,0.034286001412571196,0.1812119884873927,0.0,
0.666666667,0.066666667,0.739130435,0.010052112035416599,0.04455724759184726,0.07161572089489879,0.07579462146075168,0.323529412,0.020376862287942648,0.012818072733797101,0.010084127677398818,0.333333333,0.5769684164938899,0.03085937501610779,0.07161572102818674,0.06904231645418425,0.29729729693644996,0.020376862137177716,0.012020088716488964,0.009825387390630665,0.0,0.6666666663148147,6.657794295491133E-4,0.03085937511618744,0.06310928654701495,0.0757946207471261,0.323529412,0.02037686262783839,0.42499999974125,0.2,0.0,0.0,0.0,0.0,0.01065000103148,0.0044871598683881315,0.0,
0.333333333,0.2,0.260869565,0.3406333011831173,0.018048504949367418,0.08136826819029261,0.04645476739139532,0.323529412,0.008545135405898994,0.3824760760424568,0.34160677474557616,0.333333333,0.3338139717020366,0.012499999484550783,0.08136826818584435,0.042316258438152586,0.29729729693644996,0.008545136185264965,0.35866517145787863,0.3328417631720048,0.0016194329952957762,0.05555555561419753,0.2829178218874852,0.012499999538642578,0.07170343791643605,0.04645476818218447,0.323529412,0.00854513618328509,0.02499999951125,0.0,0.0,0.0,0.0,0.0,0.0,0.23678584239224762,0.0,
1.0,0.133333333,0.217391304,0.8242268850828541,0.012972363316241079,0.24090247481593677,0.04645476739139532,0.323529412,0.006354075097379531,0.8257394514165558,0.8247348967989433,0.0,0.8078276258791889,0.008984375375565797,0.24090247474645443,0.042316258438152586,0.29729729693644996,0.006354075624940615,0.7743333502674922,0.8035736900657885,0.006477733398187153,0.3333333336851852,0.04831685499322528,0.008984374566629332,0.2122883525565473,0.04645476818218447,0.323529412,0.006354075292921646,0.37500000071875,0.2,0.0,0.0,0.0,0.0,0.015000000427999998,0.04598229359833495,0.0,
0.0,0.566666667,0.130434783,0.021002064316544014,0.018048504949367418,0.024890829512002884,0.04645476739139532,0.323529412,0.010078878229881898,0.026247825086240975,0.02106895473781356,0.333333333,0.02063911748724285,0.012499999484550783,0.024890829532022082,0.042316258438152586,0.29729729693644996,0.010078878577492009,0.024613776957308094,0.020528363860951245,0.0,0.0,0.0020606247377932445,0.012499999538642578,0.02193432530099091,0.04645476818218447,0.323529412,0.01007887816197333,0.6750000006037501,0.2,0.0,0.0,0.0,0.0,0.01159999839072,0.006006180269910823,0.0,
0.666666667,0.966666667,0.565217391,0.46660866142662244,0.23293852245391533,0.09301310050755879,0.4498777507130158,0.117647059,0.3455302365956751,0.059890169090880525,0.4674819392870571,0.333333333,0.7839151081335144,0.16132812546882142,0.09301310078150932,0.40979955485012476,0.10810810816362308,0.3455302364032464,0.05616172978368949,0.4554871980408466,0.0,0.77777777754321,0.2351123453414957,0.1613281255249637,0.08196511001588726,0.4498777503902296,0.117647059,0.3455302362348549,0.45000000040250004,0.6,1.0,1.0,0.0,0.0,0.0,0.19677267459342643,0.0,
0.0,0.566666667,0.608695652,0.15239223578258473,0.5397631127352934,0.3032023286320444,0.2665036668871181,0.823529412,0.3781770374220191,0.08431655044738236,0.15285902608007634,0.0,0.1517704187827403,0.3738281253874347,0.30320232856841484,0.24276169303500478,0.7567567561183346,0.37817703767824046,0.07906745531326638,0.1489369402139398,0.0,0.0,6.882214327923418E-5,0.37382812528071563,0.26718830122171805,0.26650366756839095,0.823529412,0.37817703791503005,0.6250000004312499,1.0,1.0,1.0,0.0,0.0,0.0,4.132468817517339E-5,0.0,
0.0,0.133333333,0.782608696,0.026435388366959113,0.0,0.0,0.007334963791177719,0.0,6.573184979020259E-4,0.033071443761007825,0.026519583130250733,1.0,0.025951436299226225,0.0,0.0,0.0066815147657005676,0.0,6.573181680973049E-4,0.031012593737268303,0.02583913915940773,0.0,0.0,0.13507494649115762,0.0,0.0,0.007334962855171836,0.0,6.57317837398253E-4,0.8500000006324999,0.2,0.0,0.0,0.0,0.0,0.033785998972971194,0.12563814710517052,0.0,
0.666666667,0.333333333,0.391304348,0.5519775634290486,0.024252678602489114,0.18951965091446044,0.007334963791177719,0.0,0.25197195473368195,0.5898624398863308,0.5527234572871587,0.333333333,0.03971084795738812,0.016796875324699097,0.1895196502120238,0.0066815147657005676,0.0,0.2519719547727516,0.5531407744234138,0.5385415729099553,0.0,0.77777777754321,0.16251883837857242,0.016796875228134462,0.16700872287530924,0.007334962855171836,0.0,0.25197195404933326,0.050000000172499996,0.0,0.0,0.0,0.0,0.166666667,0.010000001711999999,0.13971685475744586,0.0,
0.666666667,0.366666667,0.130434783,0.41919897849139,0.0,0.0,0.0024449879303925725,0.0,2.191058281788524E-4,0.46363908152456057,0.42021839670993,0.333333333,0.4358347777781151,0.0,0.0,0.002227171937490389,0.0,2.19106056032435E-4,0.4347754041354833,0.4094363527510535,0.004858298985887329,0.22222222245679013,0.008478962858679127,0.0,0.0,0.002444987618390612,0.0,2.1910630389173434E-4,0.1500000005175,0.2,0.0,0.0,0.0,1.0,0.0,0.0070806096398325505,0.0,
1.0,0.5,0.347826087,0.3110971240463189,0.4529046815915896,0.6394468702148302,0.14914425389575622,0.735294118,0.7232690623613364,0.35336015661305215,0.3120136681064785,0.333333333,0.7003892664851372,0.3136718744769208,0.6394468706155116,0.1358574609708781,0.6756756755091308,0.723269061969422,0.33136185190974576,0.30400796222430915,0.0016194329952957762,0.22222222245679013,0.004052517100320227,0.31367187539775115,0.5634940990231757,0.14914425387586155,0.735294118,0.7232690626163785,0.07499999968375,0.2,0.0,0.0,0.0,1.0,0.0,0.0033756760280693305,0.0,
0.666666667,0.933333333,0.086956522,0.7823523421933105,0.3666102652294571,0.3828238718726656,0.6308068455131665,0.411764706,0.22502191050681547,0.7868910395942056,0.7835998296170612,0.333333333,0.17843623547839707,0.25390624943198853,0.3828238713000623,0.5746102447277542,0.37837837857268075,0.22502191095460083,0.7379034319139182,0.7634940738251935,0.0,0.77777777754321,0.005106019539234853,0.25390624978797915,0.3373524882220948,0.6308068455936777,0.411764706,0.2250219108989584,0.6250000004312499,1.0,1.0,1.0,0.0,0.333333333,0.0,0.004257457215298069,0.0,
1.0,0.133333333,0.391304348,0.046002758661541084,0.028200789444046484,0.010771469842430458,0.01955990234778606,0.147058824,0.01752848348152116,0.05593464475927732,0.0461307039899389,1.0,0.1322251330356411,0.019531249872833254,0.010771470433413678,0.01781737235961131,0.13513513469101535,0.01752848340875606,0.05245245559455406,0.04494707411767417,0.004858298985887329,0.77777777754321,0.02751262426268107,0.019531249482669065,0.009492047147129628,0.019559902091379176,0.147058824,0.017528483900076698,0.07499999968375,0.2,0.0,0.0,0.0,0.0,0.030000000855999995,0.03412654110406443,0.0,
0.666666667,0.9,0.52173913,0.03447892897420945,0.0,0.0,0.017114914417393486,0.117647059,0.0017528486521617567,0.04261363640627549,0.03457017081196579,0.666666667,0.7343395371098355,0.0,0.0,0.015590200422120922,0.10810810816362308,0.00175284844825948,0.039960740513566,0.03368316329698103,0.0,0.77777777754321,0.10320462380671941,0.0,0.0,0.017114914472988563,0.117647059,0.0017528482825799746,0.02499999951125,0.0,0.0,0.0,0.0,0.333333333,0.041441001526847196,0.10192664211662948,0.0,
1.0,0.7,0.47826087,0.935485064755597,0.19458544851518977,0.49606986937364683,0.2689486548175106,0.382352941,0.5841367216233305,0.9334493257320206,0.9358274367377121,0.0,0.9368491777036414,0.13476562520770569,0.4960698685753277,0.24498886392572455,0.3513513510182615,0.5841367217580195,0.8753377860919405,0.911815797107044,0.0,0.77777777754321,0.019102393779268204,0.13476562501272127,0.4371472551037589,0.2689486551867815,0.382352941,0.5841367218609467,0.40000000023,0.2,0.0,0.0,0.0,0.166666667,0.0,0.01597241774921905,0.0,
0.0,0.166666667,0.304347826,0.030572859033541858,0.0,0.0,0.007334963791177719,0.0,6.573184979020259E-4,0.03853577595082331,0.03067023238441886,0.666666667,0.030284264709304856,0.0,0.0,0.0066815147657005676,0.0,6.573181680973049E-4,0.03613674601934019,0.029883290538513893,0.0,0.0,0.429875405139874,0.0,0.0,0.007334962855171836,0.0,6.57317837398253E-4,0.5000000005749999,0.2,0.0,0.0,0.0,0.0,0.09999999999999999,0.3968385135875325,0.0,
1.0,0.233333333,0.391304348,0.04968668175797579,0.3254371124691695,0.32372634679068385,0.056234719112965605,0.176470588,0.2526292722182185,0.06061059170837125,0.04981707382302259,0.666666667,0.8331223583862288,0.1878906246447809,0.11470160163214711,0.3140311803799088,0.16216216224543462,0.15687992967619102,0.056837301467289866,0.04853885831067382,0.0,0.77777777754321,0.19793029971609516,0.18789062495165923,0.10107747513553346,0.3447432759339076,0.176470588,0.15687992988512334,0.45000000040250004,0.6,1.0,1.0,0.0,0.0,0.023589998941128003,0.174543135536011,0.0,
0.0,0.366666667,0.260869565,0.08741449706054541,0.0,0.0,0.007334963791177719,0.0,6.573184979020259E-4,0.10564375733742953,0.08765576511584966,0.0,0.0026268151687445424,0.0,0.0,0.0066815147657005676,0.0,6.573181680973049E-4,0.09906694578765793,0.0854066774340326,0.012145749590224394,0.0,0.06738592987834503,0.0,0.0,0.007334962855171836,0.0,6.57317837398253E-4,0.0,0.0,0.0,0.0,0.0,0.0,0.024920000380064,0.06561839540693873,0.0,
0.333333333,0.066666667,0.391304348,0.3101992838006081,0.0,0.0,0.03422982883478697,0.0,0.004163014788860071,0.3522591345002057,0.3111129677107228,0.0,0.3018348243241466,0.0,0.0,0.031180400844241844,0.0,0.0041630150646162645,0.33032937316617583,0.3031303721442031,0.0,0.0,0.04725893896033948,0.0,0.0,0.03422982894597713,0.0,0.0041630144025582025,0.6750000006037501,0.2,0.0,0.0,0.0,0.0,0.018990000464807998,0.04657508998889142,0.0,
0.0,0.5,0.043478261,0.12159723091771302,0.13705583760710144,0.04366812272097087,0.14669926596536367,0.617647059,0.502410166643381,0.14430187041269993,0.12195665449148516,0.333333333,0.0013134075843722712,0.0949218748160321,0.0436681227985908,0.13363028903338772,0.5675675673455077,0.5024101660794374,0.13531841111152765,0.11882746758299693,0.0,0.0,0.16074825409069465,0.09492187532990448,0.03848127290148235,0.14669926625747096,0.617647059,0.5024101661199782,0.47499999991375,0.0,0.0,0.0,0.0,0.5,0.010000001711999999,0.13823488882632023,0.0,
0.0,0.466666667,0.260869565,0.044336662900760895,0.1015228424899379,0.15633187789151823,0.11980440092175441,0.029411765,0.21078001748807348,0.05382775040742328,0.044459301517350266,0.666666667,0.10711456091408311,0.07031249954219972,0.15633187787922578,0.10913140295484645,0.027027026527392257,0.21078001731249255,0.050476725122546744,0.043318556649521875,0.012955465379370259,0.0,0.013206385803200715,0.07031250052581177,0.13776295547018264,0.11980440131091995,0.029411765,0.21078001726014992,0.5000000005749999,0.2,0.0,0.0,0.0,0.0,0.010000001711999999,0.014742382144368623,0.0,
0.666666667,0.2,0.47826087,0.44816127822198415,0.9283699937556753,0.7441048030396551,0.5990220046087721,0.117647059,0.7664329530739201,0.4908791867254022,0.449040800259455,0.333333333,0.6115288448792788,0.6429687499372644,0.7441048028629915,0.5456570158210028,0.10810810816362308,0.7664329528601342,0.4603196856759694,0.43751922631070295,0.0,0.77777777754321,0.050795664019452846,0.6429687499474188,0.6557208821499304,0.5990220054103454,0.117647059,0.7664329539920335,0.6750000006037501,0.2,0.0,0.0,0.0,0.333333333,0.02039999938368,0.05005770930090499,0.0,
0.666666667,0.766666667,0.086956522,5.461096837394774E-4,0.0,0.0,0.03422982883478697,0.0,0.004163014788860071,6.932353668826113E-4,5.478486838850304E-4,1.0,0.7280244548801996,0.0,0.0,0.031180400844241844,0.0,0.0041630150646162645,6.50079394203468E-4,5.337920590979608E-4,0.0,0.3333333336851852,0.08992533141564919,0.0,0.0,0.03422982894597713,0.0,0.0041630144025582025,0.8500000006324999,0.2,0.0,0.0,0.0,0.0,0.015386000787691199,0.08117906899033969,0.0,
0.333333333,0.9,0.173913043,0.5041235868053504,0.09757473164838053,0.16768558904356745,0.04889975532178789,0.352941176,0.28965819467496695,0.5423281862844597,0.5049584930567891,0.0,0.0672306831439618,0.06757812499406556,0.16768558937757558,0.04454342932887237,0.32432432449086923,0.28965819426265293,0.5085657474269312,0.49200217137930036,0.0,0.77777777754321,0.014675962982244798,0.06757812518573028,0.14776808591885998,0.04889975580057508,0.352941176,0.2896581942733566,0.6750000006037501,0.2,0.0,0.0,0.0,0.0,0.0,0.01226749666008861,0.0,
0.666666667,0.0,0.217391304,0.553995390764703,0.11167512698461697,0.03551673928223244,0.007334963791177719,0.0,0.05170902713184807,0.0013456933599463473,0.5547569962701027,0.0,0.3567692601913042,0.07734374993048218,0.03551673998162532,0.0066815147657005676,0.0,0.05170902707597718,0.0012619183531898603,0.5405229351625964,0.006477733398187153,0.77777777754321,0.034771968974439196,0.07734375046983825,0.0312981016227336,0.007334962855171836,0.0,0.0517090275589401,0.07499999968375,0.2,0.0,0.0,0.0,0.5,0.015000000427999998,0.03464522855382676,0.0,
0.0,0.333333333,0.217391304,0.005340762949726646,0.08573040035213482,0.026491994389473417,0.2029339850783293,0.205882353,0.040096407091348735,0.0067148756759228935,0.0053577733184121245,1.0,0.07490571898946542,0.05937500026450684,0.026491993872714226,0.18485523417473126,0.1891891887728269,0.04009640718009687,0.00629684362012914,0.00522030266156812,0.0,0.0,0.35374074456253074,0.05937500025103272,0.02334530539166327,0.20293398491321787,0.205882353,0.04009640634400158,0.3500000000575,0.2,0.0,0.0,0.0,0.0,0.0,0.29606460486360026,0.0,
0.666666667,0.966666667,0.217391304,0.542906596832543,0.2250423007708006,0.08922852944299896,0.0,0.0,0.12269938639737905,0.5815300133533516,0.5438000256306215,0.333333333,0.7802966601198662,0.15585937528739685,0.08922852990549461,0.0,0.0,0.12269938600896992,0.5453270785499563,0.5298471009835505,0.0,0.77777777754321,0.016712125936502925,0.15585937484480072,0.0786300665329948,0.0,0.0,0.12269938622625992,0.5000000005749999,0.2,0.0,0.0,0.0,0.0,0.0,0.013971764368331105,0.0,
0.0,0.866666667,0.565217391,0.09398632001588071,0.0,0.0,0.017114914417393486,0.117647059,0.0017528486521617567,0.11320139175469213,0.09423923310821487,0.333333333,0.24998861645968862,0.0,0.0,0.015590200422120922,0.10810810816362308,0.00175284844825948,0.10615408139647782,0.09182122590544034,0.0,0.0,0.01379067083830592,0.0,0.0,0.017114914472988563,0.117647059,0.0017528482825799746,0.27500000037375,0.2,0.0,0.0,0.0,0.166666667,0.010000001711999999,0.01523144104497263,0.0,
0.333333333,0.5,0.782608696,0.4174032969870654,0.44557247591847254,0.22459970895927503,0.31784841013929854,0.205882353,0.29360210363564815,0.4621166805413433,0.4184169959184186,0.0,0.40719783783565,0.30859375016107793,0.22459970911252347,0.28953229430136757,0.1891891887728269,0.2936021032712368,0.43334777989784834,0.4076811725908413,0.0,0.0,0.14304253090260105,0.30859375007632756,0.19792201101046591,0.31784841098735656,0.205882353,0.2936021034463,0.02499999951125,0.0,0.0,0.0,0.3333333333333333,0.0,0.015000000427999998,0.12563814710517052,0.0,
0.0,0.766666667,0.695652174,0.21059451854583838,0.028200789444046484,0.04978165902400577,0.01955990234778606,0.147058824,0.07186678359161186,0.0199543272800908,0.21121882342683193,0.0,0.20490676121582282,0.019531249872833254,0.049781659064044165,0.01781737235961131,0.13513513469101535,0.07186678315712247,0.018712078831243907,0.20579933113915186,0.0016194329952957762,0.0,0.030478334991273726,0.019531249482669065,0.04386865060198182,0.019559902091379176,0.147058824,0.07186678388288675,0.29999999988500003,0.2,0.0,0.0,0.0,0.0,0.015000000427999998,0.031051458353254752,0.0,
1.0,0.433333333,0.347826087,0.6759998887022199,0.31077270112293537,0.1363901020633127,0.0024449879303925725,0.0,0.1847063975872879,0.6839930404760908,0.677038646052525,0.333333333,0.34387398572655825,0.21523437446674745,0.13639010135309057,0.002227171937490389,0.0,0.18470639771847155,0.6414113084119947,0.6596670584753269,0.0,0.77777777754321,0.1917332995925295,0.21523437509583343,0.12018984126659574,0.002444987618390612,0.0,0.18470639825106508,0.12499999985625,0.4,0.5,0.5,0.6666666666666666,0.333333333,0.0,0.16046442788373566,0.0,
0.666666667,0.133333333,0.347826087,0.596147615943409,0.0738860690558891,0.1152838425950545,0.01955990234778606,0.147058824,0.15753724753224252,0.624483470880566,0.5969691902100457,0.0,0.0939774494596107,0.051171875534948126,0.11528384269708321,0.01781737235961131,0.13513513469101535,0.15753724784428833,0.5856064856882747,0.5816520399935934,0.0,0.77777777754321,0.10763105460374281,0.05117187531633515,0.10159055944849728,0.019559902091379176,0.147058824,0.15753724772252156,0.0,0.0,0.0,0.0,0.0,0.0,0.015000000427999998,0.09599876586949423,0.0,
0.666666667,0.7,0.608695652,0.5759323189569109,0.0,0.0,0.007334963791177719,0.0,6.573184979020259E-4,0.6059835799592656,0.5767359372148964,0.333333333,0.7199224097892376,0.0,0.0,0.0066815147657005676,0.0,6.573181680973049E-4,0.5682582983700518,0.5619379358671346,0.0,0.77777777754321,0.16163354623463355,0.0,0.0,0.007334962855171836,0.0,6.57317837398253E-4,0.02499999951125,0.0,0.0,0.0,0.0,0.166666667,0.003999998116800001,0.13675291037256185,0.0,
0.333333333,0.1,0.739130435,0.3231855752323665,0.028200789444046484,0.04978165902400577,0.01955990234778606,0.147058824,0.07186678359161186,0.0199543272800908,0.3241406205780457,0.0,0.3146147455804037,0.019531249872833254,0.049781659064044165,0.01781737235961131,0.13513513469101535,0.07186678315712247,0.018712078831243907,0.3158237586310618,0.0016194329952957762,0.0,0.030929823212520993,0.019531249482669065,0.04386865060198182,0.019559902091379176,0.147058824,0.07186678388288675,0.29999999988500003,0.2,0.0,0.0,0.0,0.0,0.015000000427999998,0.03142935384266755,0.0,
1.0,0.266666667,0.260869565,0.8423595613554741,0.12464749030085806,0.04002911172861194,0.07334963353035909,0.029411765,0.058501314898950774,0.8441441934646154,0.8429346108111487,0.0,0.44325583419089337,0.08632812530604797,0.04002911190638654,0.06681514451669386,0.027027026527392257,0.05850131481298267,0.7915923115711435,0.8213064329400224,0.0016194329952957762,0.3333333336851852,0.08107245486026687,0.08632812503646758,0.03527449923256072,0.07334963312873548,0.029411765,0.05850131438536827,0.22500000020125002,0.0,0.0,0.0,0.0,0.666666667,0.015000000427999998,0.07339873219863921,0.0,
0.666666667,0.8,0.130434783,0.7486509246416587,0.18612521205050375,0.8109170303229575,0.08068459622618229,0.470588235,0.3792725675762788,0.13594225762971077,0.7500417848845853,0.333333333,0.017228102874824566,0.09296874982874878,0.4034934500046384,0.004454342828210177,0.027027026527392257,0.07624890427777117,0.1274792229486732,0.7307970687730008,0.0016194329952957762,0.3333333336851852,6.882214327923419E-4,0.09296874962175476,0.35556695756403245,0.004889975236781224,0.029411765,0.0762489045893367,0.52500000008625,0.8,0.5,0.5,0.0,0.0,0.010000001711999999,0.0042648580912712595,0.0,
1.0,0.966666667,0.52173913,0.5371122852997653,0.05076142124496895,0.09927219790360974,0.13202933947836276,0.647058824,0.13628396091821898,0.5759433450396871,0.5379965455263136,0.333333333,0.6353836860207089,0.03515624977109986,0.09927219816046745,0.1202672605487572,0.5945945938728999,0.1362839614829809,0.5400882069633548,0.5241925266636697,0.004048583196741464,0.77777777754321,0.012011244401150327,0.03515624972013245,0.08748075955318978,0.132029339402873,0.647058824,0.1362839609533932,0.700000000115,0.2,0.0,0.0,0.0,0.166666667,0.0,0.010037128103477821,0.0,
0.333333333,0.3,0.130434783,0.0018697297771335896,0.03327693230559922,0.00917030598577506,0.012224938556608342,0.088235294,0.015118317344822847,0.0020525228524320613,0.0018756852558274061,0.333333333,0.3586472913751215,0.02304687506697449,0.009170306092721535,0.011135857593910743,0.0810810806092038,0.015118316792399276,0.0019247438920917852,0.0018275582697228794,0.0,0.0,0.05677312150595776,0.023046875540229186,0.008081067056457265,0.012224939236207339,0.088235294,0.01511831778009847,0.52500000008625,0.8,0.5,0.5,0.0,0.166666667,0.0322759978541792,0.05946080398408062,0.0,
0.333333333,0.033333333,0.260869565,0.295981932363241,0.040045120740292206,0.05152838397367721,0.07334963353035909,0.029411765,0.07318141957405044,0.3354447580597903,0.2968596211821865,0.333333333,0.2875451926550362,0.02773437460239197,0.05152838451824108,0.06681514451669386,0.027027026527392257,0.07318141949331707,0.3145617708258952,0.28924273984750476,0.0,0.0,0.021315609177779908,0.027734375502913515,0.04540790151804112,0.07334963312873548,0.029411765,0.07318141955768327,0.17500000002875,0.6,1.0,1.0,0.0,0.0,0.0,0.01782487829378427,0.0,
1.0,0.333333333,0.173913043,0.09691124350473429,0.12408347429086038,0.24119359496033857,0.05378973118257303,0.382352941,0.06025416253774706,0.11661320109207556,0.09718275829813901,0.333333333,0.5560297854126761,0.08593750052562256,0.24119359584376965,0.04899777320385315,0.3513513510182615,0.06025416326124215,0.10935348978645791,0.09468922500166838,0.0016194329952957762,0.77777777754321,0.00589391338909812,0.08593749967772826,0.21254489521873726,0.0537897310373563,0.382352941,0.06025416266794824,0.19999999954,0.2,0.0,0.0,0.0,0.0,0.019999999143999997,0.012326778803670812,0.0,
0.333333333,0.033333333,0.565217391,0.2894008535004175,0.08798646316369914,0.3138282384022739,0.20782396093911443,0.117647059,0.39066608280196474,0.3024004995481945,0.2902575815673724,0.0,0.2584812434671127,0.060937500471364744,0.3138282390180181,0.18930957700294146,0.10810810816362308,0.3906660817982506,0.28357467037858464,0.2828100968487194,0.0,0.0,0.021758255249749347,0.06093749951489624,0.27655207754346073,0.20782396129425337,0.117647059,0.39066608219698157,0.1500000005175,0.2,0.0,0.0,0.0,0.333333333,0.010000001711999999,0.02190029399635431,0.0,
1.0,0.966666667,0.304347826,0.1876301633514723,0.0,0.0,0.03422982883478697,0.0,0.004163014788860071,0.21559645425300422,0.1881534719382324,0.333333333,0.9548260645633933,0.2703124999762622,1.1195050946542235,0.6057906455719961,0.891891891836377,0.2999561788961774,0.9949778208777591,0.9998371482531847,0.004858298985887329,0.77777777754321,6.882214327923418E-5,0.27031249965737425,0.9865315542316272,0.6650366745396549,0.970588235,0.29995617873922165,0.19999999954,0.2,0.0,0.0,0.0,0.0,0.0,4.132468817517339E-5,0.0,
1.0,0.533333333,0.304347826,0.9014689412848298,0.0,0.0,0.007334963791177719,0.0,6.573184979020259E-4,0.9011934534617442,0.9022601072067515,0.333333333,0.23429248514321507,0.0,0.0,0.0066815147657005676,0.0,6.573181680973049E-4,0.8450899910534051,0.8791097442909542,0.012145749590224394,0.77777777754321,5.999495533689762E-4,0.0,0.0,0.007334962855171836,0.0,6.57317837398253E-4,0.40000000023,0.2,0.0,0.0,0.0,0.0,0.0,4.858781518777963E-4,0.0,
1.0,0.933333333,0.043478261,0.9899108633217274,0.2622673439179572,0.10917030527120447,0.2762836186086884,0.117647059,0.15008764228060326,0.9817040019513824,0.9898787300904432,0.0,0.9893520893602855,0.1816406249025055,0.10917030530193551,0.2516703786914251,0.10810810816362308,0.15008764193918553,0.9205883847720234,0.9644802316698153,0.0016194329952957762,0.77777777754321,0.09081060859825257,0.1816406246395645,0.0962031807365817,0.27628361804195334,0.117647059,0.1500876419844182,0.22500000020125002,0.0,0.0,0.0,0.0,0.333333333,0.0,0.07599216944745085,0.0,
1.0,0.933333333,0.0,0.9896516928475416,0.289904117352006,0.8362445410723782,0.5378973107303758,0.764705882,0.31178790561507136,0.9814185513292675,0.9896187344653373,0.0,0.9889837685893214,0.20078124999491334,0.8362445414822496,0.4899777278514491,0.702702702036523,0.31178790484809016,0.9203207057277472,0.9642269062856956,0.0,0.77777777754321,0.010692178257190831,0.20078124984904114,0.736916367213496,0.537897310373563,0.764705882,0.31178790518377497,0.52500000008625,0.8,0.5,0.5,0.6666666666666666,0.333333333,0.0,0.008933070184397771,0.0,
1.0,0.366666667,0.434782609,0.8699334486273533,0.0,0.0,0.0,0.0,0.0,0.8705823182985343,0.8706241757734854,0.333333333,0.023600861708704818,0.0,0.0,0.013363028484630533,0.0,0.0013146363361946098,0.9899811350454761,0.8482855333267205,0.0024291502014456884,0.77777777754321,0.008921593969313073,0.0,0.0,0.014669926854597951,0.0,0.001314636749073456,0.17500000002875,0.6,1.0,1.0,0.0,0.0,0.0,0.007451091730639371,0.0,
0.0,0.733333333,0.173913043,0.15286429618061226,0.08855047917369684,0.24410480355006267,0.058679707043358176,0.029411765,0.007887817921362436,0.1779714006673495,0.1533325902996454,0.333333333,0.032843284571305996,0.06132812525179016,0.24410480342783872,0.053452116032063325,0.027027026527392257,0.00788781801716766,0.1668918572278668,0.1493983541635271,0.0,0.0,0.052300639718279245,0.06132812487363556,0.215110312737892,0.05867970627413753,0.029411765,0.007887817271609886,0.45000000040250004,0.6,1.0,1.0,0.6666666666666666,0.333333333,0.019999999143999997,0.05116919314122379,0.0,
0.333333333,0.7,0.173913043,0.06500550745740709,0.52735476542905,0.2935953424296666,0.6332518334435591,0.205882353,0.36744084170760066,0.07953186150004256,0.06518469035451757,0.666666667,0.19193053713108474,0.36523437479229437,0.293595342524262,0.5768374166652447,0.1891891887728269,0.36744084093265117,0.07458063528013865,0.06351216925294574,0.0016194329952957762,0.05555555561419753,1.0531171994869517,0.3652343749872788,0.2587224216891,0.6332518332120683,0.205882353,0.3674408408413815,0.22500000020125002,0.0,0.0,0.0,0.0,0.333333333,0.039999998287999994,0.8962621594138166,0.0,
0.0,0.233333333,0.347826087,0.047196794024293755,0.1443880432802185,0.1064046577744964,0.056234719112965605,0.176470588,0.06836108628728835,0.05745704574249461,0.047328542242958446,0.333333333,0.04662596924521563,0.10000000021703126,0.10640465770167687,0.05122494409457294,0.16216216224543462,0.0683610862606035,0.05388007983218898,0.046114177636239206,0.0016194329952957762,0.0,0.007186438123888624,0.09999999956578125,0.09376603404281389,0.05623471865574692,0.176470588,0.06836108624344987,0.17500000002875,0.6,1.0,1.0,0.0,0.166666667,0.0,0.005998766871304852,0.0,
0.666666667,0.166666667,0.0,0.6012940007842705,0.2622673439179572,0.2598253270762905,0.2762836186086884,0.117647059,0.3288781774402348,0.3957291207716297,0.6021319665564434,0.0,0.5960634199797828,0.1816406249025055,0.25982532799683355,0.2516703786914251,0.10810810816362308,0.3288781772186201,0.3710931528136919,0.5866823486170718,0.9109311739227,0.6666666663148147,0.0019742230253068146,0.1816406246395645,0.22896357098242567,0.27628361804195334,0.117647059,0.32887817755034515,0.42499999974125,0.2,0.0,0.0,0.0,0.0,2.790559997767552E-4,0.001739581532683095,0.0,
1.0,0.5,0.565217391,0.7992632153807131,0.3869148329903888,0.5458515283976526,0.014669926487000913,0.0,0.6367221730812594,0.8027946936694523,0.8005274198991913,0.333333333,0.47055609353323846,0.2679687502085535,0.5458515287690662,0.013363028484630533,0.0,0.6367221730581264,0.752817009540894,0.7799873340709356,0.0,0.77777777754321,0.011577455439794214,0.2679687496760321,0.48101590570574076,0.014669926854597951,0.0,0.6367221735611767,0.1500000005175,0.2,0.0,0.0,0.0,0.666666667,0.0,0.00967404688864419,0.0,
0.333333333,0.9,0.260869565,0.5103251663708348,0.0,0.0,0.0,0.0,0.0,0.5504431268197508,0.5111612529163501,0.0,0.279927833413777,0.07226562452948303,0.03275109125167236,0.04454342932887237,0.32432432449086923,0.04842243623549066,0.5161754959801658,0.4980457795384253,0.004858298985887329,0.77777777754321,0.29708240642249434,0.07226562514841461,0.028860953917549677,0.04889975580057508,0.352941176,0.048422436223394934,0.82499999997125,0.0,0.0,0.0,0.0,0.0,0.0675540005459568,0.27383506580618483,0.0,
0.666666667,0.8,0.304347826,0.4018993490862572,0.04737732641340926,0.013391557266937616,0.12469437678253956,0.147058824,0.02147239244220238,0.1371384296163962,0.40292866789196496,0.333333333,0.7380500653162247,0.032812500003391115,0.013391558049861876,0.11358574578305664,0.13513513469101535,0.02147239241733989,0.12860092770681492,0.39259024772082257,0.0016194329952957762,0.77777777754321,0.04790076529176033,0.03281249973879028,0.011800924026926625,0.12469437654770117,0.147058824,0.021472393073020114,0.52500000008625,0.8,0.5,0.5,0.0,0.0,0.0,0.04007664502438482,0.0,
0.666666667,0.866666667,0.347826087,0.7689125021785012,0.16864072188270762,0.11863173242219649,0.0024449879303925725,0.0,0.08391761630183438,0.7723874513789253,0.7703678939664994,0.0,0.7546093219558643,0.11679687445657409,0.11863173249197226,0.002227171937490389,0.0,0.08391761623890638,0.7243027582194868,0.7506016465367643,0.0016194329952957762,0.77777777754321,0.1129427775447051,0.1167968747939157,0.10454079045522893,0.002444987618390612,0.0,0.08391761663133179,0.47499999991375,0.0,0.0,0.0,0.0,0.0,0.0,0.09451678741573583,0.0,
0.333333333,0.2,0.739130435,0.34583522349471424,0.0,0.0,0.03422982883478697,0.0,0.004163014788860071,0.06313886392999801,0.346825263933841,0.0,0.12178465579715644,0.0,0.0,0.031180400844241844,0.0,0.0041630150646162645,0.059208178433922995,0.33792635537761617,0.10688259044255766,0.0,0.019545039851237643,0.0,0.0,0.03422982894597713,0.0,0.0041630144025582025,0.5500000007475,0.2,0.0,0.0,0.0,0.0,0.015000000427999998,0.02190029399635431,0.0,
0.666666667,0.933333333,0.304347826,0.7852772656821642,0.08685843237213017,0.3573508010510439,0.007334963791177719,0.0,0.26139351446566184,0.7897863201873793,0.7865247831845364,0.0,0.06440655327648646,0.060156249825357666,0.35735080070310415,0.0066815147657005676,0.0,0.2613935141083076,0.7406184677947008,0.7663439793944601,0.0016194329952957762,0.77777777754321,0.04256248598029356,0.06015624988296448,0.31490507961955616,0.007334962855171836,0.0,0.26139351437390834,0.17500000002875,0.6,1.0,1.0,0.0,0.333333333,0.015000000427999998,0.041165901191518486,0.0,
0.333333333,0.6,0.086956522,0.43768338633888426,0.13254371075554638,0.16972343515845584,0.2738386306782958,0.852941176,0.06178790536172997,0.48109232283303466,0.43865953573753214,0.0,0.27020173657172286,0.09179687548747253,0.16972343479939336,0.24944320675393475,0.7837837836727538,0.06178790565346919,0.45114209929005183,0.4274043244811972,0.004858298985887329,0.0,0.009275713819155724,0.09179687463108367,0.14956387848569314,0.2738386304235627,0.852941176,0.06178790572091344,0.52500000008625,0.8,0.5,0.5,0.6666666666666666,0.333333333,0.0,0.007747489925917607,0.0,
1.0,0.5,0.217391304,0.11428492118267607,0.08855047917369684,0.4036390101757068,0.058679707043358176,0.029411765,0.007887817921362436,0.009882013766206461,0.11461177023351149,0.333333333,0.7496197897535994,0.06132812525179016,0.4036390099884488,0.053452116032063325,0.027027026527392257,0.00788781801716766,0.009266813401050199,0.1116710394874399,0.0,0.22222222245679013,0.004052517100320227,0.06132812487363556,0.35569522838941936,0.05867970627413753,0.029411765,0.007887817271609886,0.07499999968375,0.2,0.0,0.0,0.0,1.0,0.0,0.0033756760280693305,0.0,
0.333333333,0.466666667,0.217391304,0.019567370294581967,0.292724196173568,0.12576419229308314,0.07334963353035909,0.029411765,0.1709027172382691,0.0244671597309188,0.40284509761642456,0.333333333,0.3004060635312855,0.0,0.0,1.0,0.0,0.8512269933231703,0.9612884306943645,0.9916583728580841,0.0016194329952957762,0.22222222245679013,0.004406636950162878,0.20273437555719084,0.11082606494485304,0.07334963312873548,0.029411765,0.17090271722004008,0.1500000005175,0.2,0.0,0.0,0.0,0.0,0.0,0.003672074223347567,0.0,
0.333333333,0.066666667,0.47826087,0.17764284469427943,0.14720812210178053,0.4135371175433016,0.29095354509568927,0.205882353,0.4978089391847978,0.14727870775470753,0.1781343439266649,0.333333333,0.1199865623630813,0.10195312520431458,0.4135371182596112,0.26503340717605567,0.1891891887728269,0.4978089389027563,0.13810992686218346,0.17356373903613026,0.0016194329952957762,0.0,0.025033815236453507,0.10195312527393098,0.3644176495728113,0.2909535448965513,0.205882353,0.4978089391096366,0.07499999968375,0.2,0.0,0.0,0.0,0.0,0.010000001711999999,0.024641936604121457,0.0,
0.0,0.4,0.260869565,0.09678165877409284,0.12746756912242005,0.040756914131246755,0.01955990234778606,0.147058824,0.05959684505321051,0.006864397049183812,0.09705276099195598,0.0,0.005047208806509159,0.0882812502933313,0.04075691408482739,0.01781737235961131,0.13513513469101535,0.05959684509314484,0.006437057215177281,0.09456256230960848,0.0016194329952957762,0.0,0.03043406439954258,0.08828124965907044,0.035915854370911486,0.019559902091379176,0.147058824,0.059596844830549986,0.40000000023,0.2,0.0,0.0,0.0,0.0,0.015000000427999998,0.031014403882857682,0.0,
0.666666667,0.5,0.565217391,0.09079296913245002,0.03158488427560618,0.008733624748357201,0.01955990234778606,0.147058824,0.13978965822254252,0.10968083941846475,0.09104499810440933,0.333333333,0.678344661220781,0.021874999640541994,0.00873362501159589,0.01781737235961131,0.13513513469101535,0.13978965837949983,0.10285269984666665,0.08870894818857329,0.0,0.77777777754321,0.0057257180554578695,0.021875000549558106,0.007696254580296469,0.019559902091379176,0.147058824,0.1397896585928301,0.5000000005749999,0.2,0.0,0.0,0.0,0.166666667,0.0,0.004776144665060396,0.0,
1.0,0.033333333,0.739130435,0.8098521801794779,0.35138183910165166,0.16055312917268078,0.1858190706609358,0.529411765,0.876643295104719,0.5161347326976407,0.8108158303598288,0.0,0.20112742583244037,0.2433593749347211,0.16055312983636613,0.16926503375261034,0.4864864867363039,0.8766432947490941,0.4840029570495386,0.7900117612627205,0.004858298985887329,0.77777777754321,0.03647172630008133,0.2433593748719394,0.14148281142923588,0.18581907044022933,0.529411765,0.8766432948620649,0.07499999968375,0.2,0.0,0.0,0.0,0.166666667,0.010000001711999999,0.034215464319437734,0.0,
0.0,0.233333333,0.347826087,0.0469005989072519,0.12408347429086038,0.09810771426355706,0.05378973118257303,0.382352941,0.13453111327942271,0.05703566687212381,0.04703140337295481,0.0,0.0462910401924982,0.08593750052562256,0.09810771490090095,0.04899777320385315,0.3513513510182615,0.13453111303472137,0.05348493333756317,0.04582466319736409,0.014574898374666034,0.0,0.03963130601402448,0.08593749967772826,0.08645459193867822,0.0537897310373563,0.382352941,0.13453111267081322,0.5000000005749999,0.2,0.0,0.0,0.0,0.0,0.015000000427999998,0.03871249202245679,0.0,
0.333333333,0.033333333,0.47826087,0.29931412388480144,0.0,0.0,0.014669926487000913,0.0,0.0013146359824385832,0.3395905821390714,0.30019313930339947,0.0,0.2909562072674545,0.6164062496761488,0.961717612418116,0.35189309598985125,0.1891891887728269,0.2879053458143934,0.318449498044735,0.29249072701991247,0.0016194329952957762,0.0,0.04601511337258679,0.6164062505207233,0.8474858894961591,0.38630806887931085,0.205882353,0.2879053459907766,0.45000000040250004,0.6,1.0,1.0,0.0,0.333333333,0.0,0.03849835500191271,0.0,
0.666666667,0.266666667,0.260869565,0.6344215409297181,0.5877044551587004,0.3426491990510376,0.03911980469557212,0.294117647,0.42243645930222784,0.6526478905709832,0.6353278737658243,0.0,0.6235367091348611,0.40703125017125125,0.3426491994098653,0.03563474367245202,0.27027027040905766,0.42243645884911485,0.6120175390873249,0.6190265088847756,0.004858298985887329,0.77777777754321,0.0028131200678741925,0.4070312503782453,0.3019497181641472,0.03911980418275835,0.294117647,0.4224364597358668,0.3500000000575,0.2,0.0,0.0,0.0,0.5,0.010000001711999999,0.006043222217675115,0.0,
1.0,0.5,0.47826087,0.7514740321352386,0.0,0.0,0.0,0.0,0.0,0.7543361245774075,0.752864597566811,0.333333333,0.02315159131774851,0.0,0.0,0.0,0.0,0.0,0.7073752106858474,0.7335474529410659,0.0,0.77777777754321,0.20766845345408086,0.0,0.0,0.0,0.0,0.0,0.32500000054625,0.0,0.0,0.0,0.0,0.0,0.0,0.1738021463091318,0.0,
0.666666667,0.133333333,0.130434783,0.02066884556954917,0.30062041785668275,0.13085880604908143,0.01955990234778606,0.147058824,0.17747589816382747,0.02577207471644819,0.020734673635651957,1.0,0.5644768782588546,0.20820312516362122,0.1308588061525733,0.01781737235961131,0.13513513469101535,0.17747589786940118,0.024167643882766758,0.020202660367320782,0.0,0.77777777754321,0.004052517100320227,0.20820312515180694,0.115315546867644,0.019559902091379176,0.147058824,0.17747589881685347,0.42499999974125,0.2,0.0,0.0,0.0,0.333333333,0.0,0.0033756760280693305,0.0,
0.333333333,0.2,0.826086957,0.3461962109770768,0.17992103716895566,0.3991266377293273,0.0635696818087888,0.029411765,0.2506573177378779,0.3883210087282261,0.34718740145693616,0.333333333,0.06991517491695075,0.12460937549086365,0.39912663693399325,0.057906458860273506,0.027027026527392257,0.25065731843655703,0.36414622979935923,0.33827920016210505,0.0016194329952957762,0.0,0.5431920963812823,0.12460937545542085,0.35171882976817614,0.06356968265517303,0.029411765,0.25065731837453675,0.27500000037375,0.2,0.0,0.0,0.0,0.0,0.13649999833079998,0.5057632537166047,0.0,
0.333333333,0.733333333,0.695652174,0.0011755235477761727,0.0,0.0,0.03422982883478697,0.0,0.004163014788860071,8.699429901535615E-4,0.0011792676433104619,1.0,0.4658782173679434,0.0,0.0,0.031180400844241844,0.0,0.0041630150646162645,8.157852786485231E-4,0.0011490099916035368,0.0016194329952957762,0.77777777754321,0.2094390227806231,0.0,0.0,0.03422982894597713,0.0,0.0041630144025582025,0.42499999974125,0.2,0.0,0.0,0.0,0.5,0.024989999780007998,0.18491690957652313,0.0,
0.666666667,0.4,0.304347826,0.6730194287555338,0.12746756912242005,0.08413391568700068,0.01955990234778606,0.147058824,0.05959684505321051,0.6815599171277048,0.6740579786304428,0.0,0.6538219857144157,0.0882812502933313,0.08413391578610299,0.01781737235961131,0.13513513469101535,0.05959684509314484,0.6391296584604942,0.6567628703243436,0.0016194329952957762,0.77777777754321,0.09700762368315374,0.08828124965907044,0.07414058461020387,0.019559902091379176,0.147058824,0.059596844830549986,0.72500000077625,0.0,0.0,0.0,0.0,0.0,0.0,0.08117906899033969,0.0,
0.333333333,0.033333333,0.565217391,0.06453344705937955,0.0,0.0,0.03422982883478697,0.0,0.004163014788860071,0.07897455338081776,0.06471112613494849,0.333333333,0.2918203444608705,0.0,0.0,0.031180400844241844,0.0,0.0041630150646162645,0.07405802333628488,0.06305075630377463,0.0016194329952957762,0.0,0.3670200519149364,0.0,0.0,0.03422982894597713,0.0,0.0041630144025582025,0.0,0.0,0.0,0.0,0.0,0.333333333,0.0,0.3071793806536243,0.0,
0.666666667,0.9,0.434782609,0.3771670811229343,0.03271291629560154,0.21630276544833568,0.056234719112965605,0.176470588,0.2826468010796854,0.42049532424966846,0.3783311980609241,0.333333333,0.7661567852477412,0.022656250286549072,0.2163027651820532,0.05122494409457294,0.16216216224543462,0.28264680046961504,0.39431754496802124,0.36862390364979,0.0,0.77777777754321,0.14215723875866218,0.022656250181489868,0.19061056991774636,0.05623471865574692,0.176470588,0.2826468011430367,0.2499999997125,0.0,0.0,0.0,0.0,0.166666667,0.016989999266408002,0.12563814710517052,0.0,
0.666666667,0.933333333,0.391304348,0.07057767214595187,0.0,0.0,0.0024449879303925725,0.0,2.191058281788524E-4,0.08612440205271456,0.0707746018643622,1.0,0.18089103270465834,0.0,0.0,0.002227171937490389,0.0,2.19106056032435E-4,0.08076275959573828,0.06895865400694286,0.004858298985887329,0.77777777754321,0.1642894077051147,0.0,0.0,0.002444987618390612,0.0,2.1910630389173434E-4,0.8500000006324999,0.2,0.0,0.0,0.0,0.333333333,0.0279859997776112,0.14786768616258594,0.0,
0.333333333,0.933333333,0.304347826,0.523450299453626,0.18950930565363705,0.10305676896816957,0.07334963353035909,0.029411765,0.14110429420498108,0.5636689862995118,0.5243189030898561,0.0,0.002097607028046008,0.13125000001356446,0.10305676903648216,0.06681514451669386,0.027027026527392257,0.14110429471569447,0.5285779840460212,0.5108658287173439,0.0016194329952957762,0.77777777754321,0.2838030990700886,0.131250000040708,0.09081580303608223,0.07334963312873548,0.029411765,0.1411042942676266,0.050000000172499996,0.0,0.0,0.0,0.0,0.0,0.0,0.23752681909649404,0.0,
0.333333333,0.166666667,0.217391304,0.19883003019929738,0.17710095834739367,0.0639010186935782,0.026894865043609256,0.235294118,0.09049079722739276,0.22905339285545812,0.1994168662462019,0.333333333,0.005220238619242332,0.12265625050358032,0.06390101929234689,0.024498886078541275,0.21621621632724616,0.09049079791987943,0.2147937590641183,0.19430019046213282,0.0016194329952957762,0.0,0.14127196157605879,0.12265624974727111,0.056310928755843107,0.02689486609080529,0.235294118,0.09049079715386822,0.45000000040250004,0.6,1.0,1.0,0.6666666666666666,0.333333333,0.2759999984592,0.22048417958196748,0.0,
0.333333333,0.733333333,0.130434783,0.4007886189167047,0.0,0.0,0.014669926487000913,0.0,0.012927257036303385,0.33365049957946313,0.4018143999144858,0.333333333,0.4499281066187445,0.0,0.0,0.013363028484630533,0.0,0.012927257305913663,0.3128792126881218,0.391504569075249,0.0,0.77777777754321,0.21652131504812766,0.0,0.0,0.014669926854597951,0.0,0.012927256889735025,0.050000000172499996,0.0,0.0,0.0,0.0,0.0,0.0,0.1812119884873927,0.0,
1.0,0.666666667,0.130434783,0.7891000304296315,0.29328821218356566,0.12518195098346438,0.0317848409043944,0.029411765,0.17024539874036707,0.7940137020160924,0.7903504371477674,0.333333333,0.7787292731027686,0.20312499976262208,0.12518195096824558,0.028953228906751453,0.027027026527392257,0.17024539909416955,0.7445826748834138,0.7700714740434165,0.0016194329952957762,0.77777777754321,0.01370214461617913,0.2031249998303833,0.1103129806318892,0.031784841327586515,0.029411765,0.17024539830836488,0.17500000002875,0.6,1.0,1.0,0.0,0.0,0.0,0.011452411015048047,0.0,
0.666666667,0.9,0.260869565,0.7763914212870355,0.08911449518369452,0.05880640493757992,0.029339852974001827,0.264705882,0.0834794036321112,0.010344171010994229,0.7777220640356975,0.0,0.10915449133788473,0.06171875003221558,0.05880640517295526,0.026726058016031663,0.24324324285463841,0.08347940412684152,0.009700199330332226,0.7577671223962182,0.0016194329952957762,0.77777777754321,0.03078818424938523,0.06171875023237488,0.05182144683305215,0.029339853709195902,0.264705882,0.08347940402354832,0.07499999968375,0.2,0.0,0.0,0.0,0.166666667,0.010000001711999999,0.029458341533570697,0.0,
1.0,0.4,0.52173913,0.87738459900052,0.22053017514767195,0.1510917030425039,0.01955990234778606,0.147058824,0.11963190176277873,0.8782622878390478,0.8780990583503819,0.0,0.8751959233771371,0.15273437487368105,0.1510917026463294,0.01781737235961131,0.13513513469101535,0.11963190229835455,0.8235863964715053,0.8555686241143374,0.0,0.77777777754321,0.009045533672557676,0.1527343752315268,0.13314520272200475,0.019559902091379176,0.147058824,0.11963190226888344,0.5000000005749999,0.2,0.0,0.0,0.0,0.0,0.0,0.007554829220591836,0.0,
1.0,0.2,0.434782609,0.09993798400176457,0.2521150594232781,0.18675400341775236,0.0635696818087888,0.029411765,0.2482471516011796,0.8351049364385525,0.10021913957482799,0.333333333,0.8285699541319216,0.17460937451422304,0.18675400261176517,0.057906458860273506,0.027027026527392257,0.2482471518202002,0.7831157901587841,0.09764769773520093,0.004048583196741464,0.77777777754321,0.2430799147916036,0.17460937469553803,0.16457157517012527,0.06356968265517303,0.029411765,0.24824715118028157,0.45000000040250004,0.6,1.0,1.0,0.0,0.333333333,0.0,0.20344152754480813,0.0,
1.0,0.566666667,0.260869565,0.11908883035615149,0.6649746190461491,0.41411935987373544,0.8875305617740689,0.764705882,0.4984662576826998,0.14182796868989705,0.11944026547774766,0.333333333,0.9082931873811686,0.46054687547390805,0.41411935932454724,0.8084632521063387,0.702702702036523,0.4984662570708536,0.1329985217253709,0.11637564461728772,0.0,0.77777777754321,0.027955270334650513,0.46054687567592256,0.3649307338857751,0.887530562688506,0.764705882,0.4984662580213118,0.6750000006037501,0.2,0.0,0.0,0.0,0.333333333,0.0,0.02338227245011271,0.0,
1.0,1.0,0.608695652,1.009654099910198,0.9639029888728388,0.9387190687309289,0.7261613693217042,0.764705882,0.961875547388992,0.9984775990167827,1.0096848479221459,0.0,1.0095186634408244,0.6675781252110968,0.9387190683241013,0.6614699335415499,0.702702702036523,0.961875547324195,0.9363177486782085,0.9837781596657554,0.0,0.77777777754321,0.15455125396712902,0.6675781247515115,0.8272190869480305,0.7261613695764373,0.764705882,0.9618755482424701,0.52500000008625,0.8,0.5,0.5,0.0,0.0,0.0,0.12934306819430097,0.0,
1.0,0.833333333,0.043478261,0.9661597407973155,0.29046813336200367,0.19039301338929615,0.0,0.0,0.0,0.9598602653165274,0.9665812393976714,0.0,0.2215702404912023,0.20117187477533874,0.19039301350396942,0.0,0.0,0.0,0.9001045227889951,0.9417805125185493,0.0,0.77777777754321,0.05982557805775323,0.20117187520778046,0.16777834782763082,0.0,0.0,0.0,0.12499999985625,0.4,0.5,0.5,0.6666666666666666,0.333333333,0.0,0.05005770930090499,0.0,
1.0,0.533333333,0.347826087,0.8895100748294236,0.16130851620959055,0.10116448292548208,0.058679707043358176,0.029411765,0.007887817921362436,0.8895035880902056,0.8902538672428826,0.0,0.9020580429012749,0.11171875014073121,0.1011644835984748,0.053452116032063325,0.027027026527392257,0.00788781801716766,0.8341278743704438,0.8674115628123646,0.0016194329952957762,0.9444444443858026,0.01024953218522139,0.11171875055803894,0.089148281294636,0.05867970627413753,0.029411765,0.007887817271609886,0.40000000023,0.2,0.0,0.0,0.0,0.0,0.0,0.00856257557095817,0.0,
0.333333333,0.433333333,0.130434783,0.39214343216788244,0.018048504949367418,0.004949053683797368,0.04645476739139532,0.323529412,0.008545135405898994,0.43524358371204863,0.3932252493601102,0.0,0.3900962187420631,0.012499999484550783,0.004949054135581193,0.042316258438152586,0.29729729693644996,0.008545136185264965,0.4081476572715117,0.3831358006424747,0.010526315177924569,0.0,0.4794514510124059,0.012499999538642578,0.004361211097404017,0.04645476818218447,0.323529412,0.00854513618328509,0.07499999968375,0.2,0.0,0.0,0.0,0.0,0.015000000427999998,0.4072123001506774,0.0,
0.0,0.933333333,0.260869565,0.27144404250878323,0.08911449518369452,0.05880640493757992,0.029339852974001827,0.264705882,0.0834794036321112,0.010344171010994229,0.2722807209481149,0.0,0.05833431990682699,0.06171875003221558,0.05880640517295526,0.026726058016031663,0.24324324285463841,0.08347940412684152,0.009700199330332226,0.2652944903038499,0.0016194329952957762,0.0,0.031584935209861824,0.06171875023237488,0.05182144683305215,0.029339853709195902,0.264705882,0.08347940402354832,0.07499999968375,0.2,0.0,0.0,0.0,0.0,0.015000000427999998,0.03197768236422097,0.0,
0.333333333,0.266666667,0.304347826,0.04095819082885629,0.06937394220433406,0.02066957823084033,0.004889975860785145,0.029411765,0.031551270672084276,0.05007611994910106,0.04106078373030595,0.333333333,0.3527592183909442,0.598046875229748,0.8071324599930872,0.9020044546390643,0.7567567561183346,0.7028921998322444,0.9402692096222232,0.04000723813108425,0.0,0.0,0.036914357410715276,0.5980468749431784,0.7112621859534518,0.9902200483821832,0.823529412,0.70289219998854,0.29999999988500003,0.2,0.0,0.0,0.0,0.0,0.049999999999999996,0.049405643289399094,0.0,
1.0,0.833333333,0.260869565,0.2176569137141777,0.08460236833213947,0.11877729249439739,0.007334963791177719,0.0,0.16148115649292374,0.2492931707576638,0.21831299787092423,0.333333333,0.11854667099747133,0.05859374961849975,0.1187772924757827,0.0066815147657005676,0.0,0.16148115685287218,0.23377351794019918,0.21271148161448608,0.0,0.3333333336851852,0.0056460339826089135,0.05859374953355408,0.10466906128061587,0.007334962855171836,0.0,0.161481156895465,0.1500000005175,0.2,0.0,0.0,0.0,0.0,0.0,0.004709449122872223,0.0,
0.0,0.866666667,0.52173913,0.2547182905098546,0.014100395336236441,0.003784571064559833,0.05378973118257303,0.382352941,0.006792287767102705,0.29249130053257605,0.2555109843931014,0.0,0.2493430432402514,0.009765624936416627,0.0037845708760146962,0.04899777320385315,0.3513513510182615,0.0067922877370054854,0.2742823636875767,0.24895503504144234,0.0024291502014456884,0.0,0.03548019371278901,0.00976562528410797,0.0033350434828924515,0.0537897310373563,0.382352941,0.006792287900705114,0.40000000023,0.2,0.0,0.0,0.0,0.333333333,0.015000000427999998,0.03523802494438323,0.0,
1.0,0.733333333,0.347826087,0.9427788626756574,0.5730400450408926,0.3331877729208607,0.16870415624354232,0.794117647,0.32953549492477135,0.9398923449114316,0.9431537503859766,0.0,0.1867568445433379,0.3968750004544092,0.33318777334952293,0.15367483333048942,0.7297297295909423,0.3295354953867174,0.8813796968124918,0.918954129674807,0.004858298985887329,0.77777777754321,0.06248143952823438,0.39687499973539797,0.2936121084454999,0.16870415596724075,0.794117647,0.32953549538774335,0.27500000037375,0.0,0.0,0.0,0.0,0.5,0.015000000427999998,0.057838046092605476,0.0,
0.333333333,0.766666667,0.695652174,0.48512083800948436,0.049633389224973595,0.058078602534945116,0.0024449879303925725,0.0,2.191058281788524E-4,0.5248069813521566,0.4860530766335821,0.0,0.4812394196316995,0.03437500021024902,0.05807860299451441,0.002227171937490389,0.0,2.19106056032435E-4,0.49213531854718784,0.4735818334634663,0.0,0.77777777754321,0.023469517842387506,0.034375000088200686,0.051180092706117494,0.002444987618390612,0.0,2.1910630389173434E-4,0.52500000008625,0.8,0.5,0.5,0.0,0.0,0.010000001711999999,0.023332620211138598,0.0,
0.333333333,1.0,0.52173913,0.27277691952256855,0.2707275803826432,0.3163027657545802,0.03422982883478697,0.0,0.39285714311048425,0.31168442782135725,0.2736178433312817,0.333333333,0.5473752591652679,0.18749999986435548,0.31630276552096154,0.031180400844241844,0.0,0.3928571423585749,0.2922806304000032,0.2665973042783717,0.0016194329952957762,0.77777777754321,0.05420400585867944,0.1874999995929199,0.2787326835978708,0.03422982894597713,0.0,0.3928571430873451,0.0,0.0,0.0,0.0,0.0,0.0,0.049999999999999996,0.06387707322829916,0.0,
0.0,0.8,0.260869565,0.21679609811132283,0.046249294393413895,0.013100437122535802,0.12224938885214699,0.352941176,0.021034180785844674,0.24847759826633414,0.21744943970732647,0.0,0.1133841089824734,0.03203125044254028,0.01310043695254667,0.11135857489233685,0.32432432449086923,0.02103418030527502,0.23300871924146618,0.2118700805891353,0.004858298985887329,0.0,0.0030787136955900546,0.03203125010685852,0.011544381364736648,0.12224938892931056,0.352941176,0.021034180465236647,0.52500000008625,0.8,0.5,0.5,0.6666666666666666,0.0,0.0,0.0025606029056615474,0.0,
1.0,0.766666667,0.913043478,0.855364365615112,0.011844331296245717,0.28311499273163804,0.04645476739139532,0.323529412,0.04206836157168935,0.8567311870757195,0.8559808342881807,0.333333333,0.9555525874028226,0.008203124729558716,0.2831149931881635,0.042316258438152586,0.29729729693644996,0.04206836061055004,0.803395706822711,0.8340179139542587,0.0016194329952957762,0.77777777754321,0.6060474496062198,0.00820312493469757,0.2494869161927442,0.04645476818218447,0.323529412,0.042068360930473295,0.45000000040250004,0.6,1.0,1.0,0.0,0.666666667,0.0,0.5072452321703631,0.0,
0.666666667,0.1,0.347826087,0.5856697240603091,0.38071065933726717,0.8270742361074183,0.2029339850783293,0.205882353,0.620508325582177,0.6149956497347203,0.5864857837901336,0.0,0.5827998247440728,0.0,0.0,1.0,1.0,0.1566608236201586,0.9422066996590135,1.0,0.04210526354570637,0.22222222245679013,0.012905393655702535,0.26367187507208706,0.7288353001570387,0.20293398491321787,0.205882353,0.6205083264101734,0.52500000008625,0.8,0.5,0.5,0.6666666666666666,0.0,0.0,0.010785530728962992,0.0,
0.333333333,0.733333333,0.695652174,0.4758184696741607,0.011280315286248037,0.5429403198079286,0.04400977946100275,0.147058824,0.6334355826184803,0.23951989999030132,0.4767117946120827,0.0,0.47285000338976535,0.007812499949133301,0.5429403200553028,0.040089086500662195,0.13513513469101535,0.63343558221764,0.22460867769898002,0.46448023217002343,0.0016194329952957762,0.77777777754321,0.01979468469531532,0.007812499575958251,0.47845048717516986,0.04400977941953958,0.147058824,0.6334355832999085,0.40000000023,0.2,0.0,0.0,0.0,0.0,0.015000000427999998,0.022109259169560105,0.0,
1.0,0.366666667,0.130434783,0.866712330021458,0.0,0.0,0.03422982883478697,0.0,0.004163014788860071,0.8672656588349897,0.8673927985375219,0.0,0.09575226987793808,0.0,0.0,0.031180400844241844,0.0,0.0041630150646162645,0.8132743591827476,0.8451370665550981,0.004858298985887329,0.3333333336851852,0.14038666943211991,0.0,0.0,0.03422982894597713,0.0,0.0041630144025582025,0.82499999997125,0.0,0.0,0.0,0.0,0.333333333,0.0,0.11748731570003046,0.0,
0.333333333,0.066666667,0.217391304,0.13338948698671874,0.0,0.0,0.03422982883478697,0.0,0.004163014788860071,0.1577452148895507,0.13378646910578856,0.333333333,0.05718179969218907,0.0,0.0,0.031180400844241844,0.0,0.0041630150646162645,0.14792484549704524,0.1303537505512906,0.0016194329952957762,0.0,0.02547646130842295,0.0,0.0,0.03422982894597713,0.0,0.0041630144025582025,0.40000000023,0.2,0.0,0.0,0.0,0.333333333,0.0,0.02130751012843062,0.0,
1.0,0.566666667,0.695652174,0.49174819742265213,0.12295544227086501,0.14468704557425205,0.007334963791177719,0.0,0.1954425943150718,0.5308829921600209,0.4927015432790388,0.333333333,0.37544939687473755,0.08515624987961548,0.14468704528356083,0.0066815147657005676,0.0,0.19544259446406084,0.49783307035358987,0.4800597122804878,0.0016194329952957762,0.77777777754321,0.14215723875866218,0.08515625004579651,0.1275012823593153,0.007334962855171836,0.0,0.19544259425043667,0.42499999974125,0.2,0.0,0.0,0.0,0.0,0.016989999266408002,0.12563814710517052,0.0,
0.333333333,0.933333333,0.739130435,0.5292446109864036,0.0,0.0,0.007334963791177719,0.0,6.573184979020259E-4,0.5681818177497417,0.5301409548166129,0.0,0.5288327368358211,0.0,0.0,0.0066815147657005676,0.0,6.573181680973049E-4,0.5328098711795712,0.5165384965641862,0.0,0.3333333336851852,0.26078565294103273,0.0,0.0,0.007334962855171836,0.0,6.57317837398253E-4,0.52500000008625,0.8,0.5,0.5,0.0,0.0,0.010000001711999999,0.2219661455130931,0.0,
0.0,0.633333333,0.043478261,0.08316595246539474,0.2859560065104486,0.13930130963222168,0.2689486548175106,0.382352941,0.1882120948916114,0.10083188314067779,0.0833936891652076,0.333333333,0.05933607145422957,0.19804687544677918,0.13930131006685398,0.24498886392572455,0.3513513510182615,0.18821209461499047,0.09455463246457244,0.0812539588906604,0.0024291502014456884,0.0,0.05973705183562645,0.19804687559450654,0.1227552587857505,0.2689486551867815,0.382352941,0.18821209481622506,0.12499999985625,0.4,0.5,0.5,0.0,0.166666667,0.0,0.04998361288274363,0.0,
0.666666667,0.633333333,0.0,0.002961948131709558,0.0,0.0,0.014669926487000913,0.0,0.0013146359824385832,0.003384623087373393,0.002971381610857667,0.666666667,0.7005622962978703,0.0,0.0,0.013363028484630533,0.0,0.0013146363361946098,0.003173915100022336,0.0028951423879188015,0.0,0.77777777754321,0.22183303798908993,0.0,0.0,0.014669926854597951,0.0,0.001314636749073456,0.8500000006324999,0.2,0.0,0.0,0.0,0.0,0.0377860013697712,0.19973660645567767,0.0,
0.333333333,0.7,0.391304348,0.46430389589431725,0.0,0.0,0.014669926487000913,0.0,0.0013146359824385832,0.506198346431414,0.46516983305655846,0.0,0.461625326707607,0.0,0.0,0.013363028484630533,0.0,0.0013146363361946098,0.47468515806913375,0.45323441587670793,0.0,0.0,0.35374074456253074,0.0,0.0,0.014669926854597951,0.0,0.001314636749073456,0.0,0.0,0.0,0.0,0.0,0.0,0.0,0.29606460486360026,0.0,
0.333333333,0.666666667,0.173913043,0.05416662809194461,0.04230118478028293,0.17569141241010494,0.1124694371305767,0.382352941,0.2337861527542588,0.06645552339354249,0.05431128897783697,1.0,0.022332988285578118,0.1445312501441223,0.10422125229604863,0.028953228906751453,0.027027026527392257,0.14307624921998635,0.9492938352678334,0.052917759946891185,0.004858298985887329,0.0,0.012197153956017233,0.14453125029682923,0.0918419706505938,0.031784841327586515,0.029411765,0.14307624885409834,0.52500000008625,0.8,0.5,0.5,0.0,0.166666667,0.019999999143999997,0.01760258903930018,0.0,
0.333333333,0.766666667,0.52173913,0.4826216943683141,0.0,0.0,0.0024449879303925725,0.0,2.191058281788524E-4,0.5227816437491366,0.48354597241832925,0.333333333,0.4797408397915952,0.11679687445657409,0.11863173249197226,0.002227171937490389,0.0,0.08391761623890638,0.9658007440174501,0.4711390572612379,0.0,0.3333333336851852,0.10586048527720054,0.1167968747939157,0.10454079045522893,0.002444987618390612,0.0,0.08391761663133179,0.12499999985625,0.4,0.5,0.5,0.6666666666666666,0.333333333,0.0,0.08858891116860057,0.0,
1.0,0.533333333,0.130434783,0.09539324530247502,0.0,0.0,0.007334963791177719,0.0,6.573184979020259E-4,0.113446063001792,0.09565063995569766,0.333333333,0.7711351868772571,0.0,0.0,0.0066815147657005676,0.0,6.573181680973049E-4,0.10638352100609771,0.09319641798947287,0.0,0.77777777754321,0.13241908502067648,0.0,0.0,0.007334962855171836,0.0,6.57317837398253E-4,0.8500000006324999,0.2,0.0,0.0,0.0,0.0,0.0225259995019792,0.11896928163115608,0.0,
0.666666667,0.166666667,0.173913043,7.034631497486513E-4,0.0,0.0,0.03422982883478697,0.0,0.004163014788860071,3.398211209387977E-4,7.057034237413882E-4,1.0,0.5608230147864599,0.0,0.0,0.031180400844241844,0.0,0.0041630150646162645,3.1866662475250554E-4,6.875970424324429E-4,0.0,0.77777777754321,0.1917332995925295,0.0,0.0,0.03422982894597713,0.0,0.0041630144025582025,0.52500000008625,0.8,0.5,0.5,0.0,0.0,0.09999999999999999,0.19751365129767287,0.0,
0.0,0.466666667,0.347826087,0.11621018741764214,0.0,0.0,0.007334963791177719,0.0,6.573184979020259E-4,0.1381714871048157,0.11656173995365485,1.0,0.11715231379310694,0.0,0.0,0.0066815147657005676,0.0,6.573181680973049E-4,0.1295696737257709,0.11357097686708964,0.0,0.0,0.20235673051311856,0.0,0.0,0.007334962855171836,0.0,6.57317837398253E-4,0.5999999997700001,0.8,0.5,0.5,1.0,0.0,0.080969998655224,0.19973660645567767,0.0,
0.0,0.466666667,0.347826087,0.09114470070732435,0.20135363817830917,0.11135371145829377,0.01955990234778606,0.147058824,0.1524978084173016,0.1099934752899916,0.09139784981628003,0.0,0.11770479494955322,0.13945312474312316,0.11135371183725806,0.01781737235961131,0.13513513469101535,0.15249780855554235,0.10314587318146139,0.08905274620958142,0.03805668034896491,0.0,0.11471336183258286,0.13945312497540557,0.0981272451402179,0.019559902091379176,0.147058824,0.1524978091786734,0.29999999988500003,0.2,0.0,0.0,0.0,0.0,0.010000001711999999,0.09970368695862467,0.0,
1.0,0.4,0.260869565,0.046002758661541084,0.028200789444046484,0.010771469842430458,0.01955990234778606,0.147058824,0.01752848348152116,0.05593464475927732,0.0461307039899389,1.0,0.0030770974299507525,0.019531249872833254,0.010771470433413678,0.01781737235961131,0.13513513469101535,0.01752848340875606,0.05245245559455406,0.04494707411767417,0.004858298985887329,0.77777777754321,0.2094390227806231,0.019531249482669065,0.009492047147129628,0.019559902091379176,0.147058824,0.017528483900076698,0.42499999974125,0.2,0.0,0.0,0.0,0.0,0.024989999780007998,0.18491690957652313,0.0,
0.666666667,0.933333333,0.0,0.7589807189662378,0.0,0.0,0.007334963791177719,0.0,6.573184979020259E-4,0.761907351119077,0.7604044798095388,0.333333333,0.7700514738396125,0.03515624977109986,0.09927219816046745,0.1202672605487572,0.5945945938728999,0.1362839614829809,0.7144750934399267,0.7408938750747127,0.03157894695077776,0.77777777754321,0.10497520809459716,0.03515624972013245,0.08748075955318978,0.132029339402873,0.647058824,0.1362839609533932,0.5000000005749999,0.2,0.0,0.0,0.0,0.0,0.049999999999999996,0.10637253991000634,0.0,